"","Year","Month","Day","Text","Count"
"1",2020,1,30,"coronavirus",12915
"2",2020,1,30,"salud",835
"3",2020,1,30,"corona",615
"4",2020,1,30,"emergencia internacional",514
"5",2020,1,30,"últimahora",426
"6",2020,1,31,"coronavirus",17189
"7",2020,1,31,"salud",1124
"8",2020,1,31,"amoxicilina",1076
"9",2020,1,31,"emergencia internacional",906
"10",2020,1,31,"2019-ncov",734
"11",2020,2,1,"coronavirus",17295
"12",2020,2,1,"2019-ncov",889
"13",2020,2,1,"pacos",887
"14",2020,2,1,"h5n1",767
"15",2020,2,1,"ultima hora",750
"16",2020,2,3,"coronavirus",18421
"17",2020,2,3,"madmawe",3961
"18",2020,2,3,"2019-ncov",1050
"19",2020,2,3,"salud",984
"20",2020,2,3,"corona",620
"21",2020,2,4,"coronavirus",20388
"22",2020,2,4,"nidame",2402
"23",2020,2,4,"laisladelastentaciones8",1450
"24",2020,2,4,"corona virus",1139
"25",2020,2,4,"corona",1108
"26",2020,2,5,"coronavirus",18044
"27",2020,2,5,"corona virus",1776
"28",2020,2,5,"salud",1227
"29",2020,2,5,"2019-ncov",980
"30",2020,2,5,"lopezdestruyemexico",937
"31",2020,2,6,"coronavirus",13992
"32",2020,2,6,"2019-ncov",1138
"33",2020,2,6,"salud",718
"34",2020,2,6,"última hora",706
"35",2020,2,6,"wii sports",659
"36",2020,2,7,"coronavirus",12320
"37",2020,2,7,"interferón alfa 2b",779
"38",2020,2,7,"sagrada familia",760
"39",2020,2,7,"2019-ncov",729
"40",2020,2,7,"salud",691
"41",2020,2,8,"coronavirus",12956
"42",2020,2,8,"b24pt",2103
"43",2020,2,8,"interferón alfa 2b",1400
"44",2020,2,8,"corona virus",1173
"45",2020,2,8,"salud",857
"46",2020,2,9,"coronavirus",13193
"47",2020,2,9,"whatsapp",5119
"48",2020,2,9,"sars",1960
"49",2020,2,9,"corona virus",1260
"50",2020,2,9,"b24pt",893
"51",2020,2,10,"coronavirus",16057
"52",2020,2,10,"oscars",2120
"53",2020,2,10,"whatsapp",1618
"54",2020,2,10,"oscar",1381
"55",2020,2,10,"independiente",1215
"56",2020,2,11,"coronavirus",15850
"57",2020,2,11,"covid-19",2349
"58",2020,2,11,"laisladelastentaciones10",1487
"59",2020,2,11,"salud",1343
"60",2020,2,11,"mobile world congress",924
"61",2020,2,12,"coronavirus",16068
"62",2020,2,12,"covid-19",2686
"63",2020,2,12,"mobile world congress",2576
"64",2020,2,12,"covid19",1529
"65",2020,2,12,"mwc",1474
"66",2020,2,13,"coronavirus",14124
"67",2020,2,13,"corona",5396
"68",2020,2,13,"mwc de barcelona",2945
"69",2020,2,13,"covid-19",2516
"70",2020,2,13,"laisla6mesesdespués",2160
"71",2020,2,14,"coronavirus",10371
"72",2020,2,14,"corona",4518
"73",2020,2,14,"covid19",2179
"74",2020,2,14,"covid-19",2174
"75",2020,2,14,"savage",2173
"76",2020,2,15,"coronavirus",7342
"77",2020,2,15,"covid-19",2020
"78",2020,2,15,"covid19",1984
"79",2020,2,15,"savage",1358
"80",2020,2,15,"corona virus",800
"81",2020,2,16,"coronavirus",7409
"82",2020,2,16,"covid-19",1760
"83",2020,2,16,"covid19",1687
"84",2020,2,16,"corona",766
"85",2020,2,16,"corona virus",504
"86",2020,2,17,"coronavirus",12045
"87",2020,2,17,"covid-19",2354
"88",2020,2,17,"covid19",1869
"89",2020,2,17,"diamond princess",1272
"90",2020,2,17,"corona virus",792
"91",2020,2,18,"coronavirus",11789
"92",2020,2,18,"covid-19",2857
"93",2020,2,18,"covid19",2334
"94",2020,2,18,"ets",907
"95",2020,2,18,"salud",768
"96",2020,2,19,"coronavirus",11938
"97",2020,2,19,"m",2254
"98",2020,2,19,"covid-19",2212
"99",2020,2,19,"covid19",1627
"100",2020,2,19,"ets",1065
"101",2020,2,21,"coronavirus",8674
"102",2020,2,21,"covid19",3106
"103",2020,2,21,"covid-19",1948
"104",2020,2,21,"corona virus",695
"105",2020,2,21,"7",564
"106",2020,2,22,"coronavirus",7924
"107",2020,2,22,"covid19",3608
"108",2020,2,22,"covid-19",1951
"109",2020,2,22,"dengue",1281
"110",2020,2,22,"salud",515
"111",2020,2,23,"coronavirus",2222
"112",2020,2,23,"covid19",792
"113",2020,2,23,"carnaval de venecia",385
"114",2020,2,23,"gripe",350
"115",2020,2,23,"gripe de hong",346
"116",2020,2,24,"coronavirus",16341
"117",2020,2,24,"covid19",3005
"118",2020,2,24,"covid-19",2613
"119",2020,2,24,"221bhater",2316
"120",2020,2,24,"laacademia",690
"121",2020,2,25,"coronavirus",32742
"122",2020,2,25,"covid-19",3165
"123",2020,2,25,"salud",2624
"124",2020,2,25,"covid19",2383
"125",2020,2,25,"221bhater",1810
"126",2020,2,27,"coronavirus",24339
"127",2020,2,27,"covid-19",2458
"128",2020,2,27,"covid19",1549
"129",2020,2,27,"a",1313
"130",2020,2,27,"delconurbano",1289
"131",2020,2,28,"coronavirus",31724
"132",2020,2,28,"covid-19",4290
"133",2020,2,28,"ibuprofeno",3836
"134",2020,2,28,"covid19",1876
"135",2020,2,28,"covid2019",1776
"136",2020,2,29,"coronavirus",26820
"137",2020,2,29,"covid-19",3974
"138",2020,2,29,"ibuprofeno",3137
"139",2020,2,29,"covid19",2418
"140",2020,2,29,"vih",2014
"141",2020,3,1,"coronavirus",14459
"142",2020,3,1,"covid-19",2407
"143",2020,3,1,"covid19",2361
"144",2020,3,1,"vih",861
"145",2020,3,1,"virgen",782
"146",2020,3,2,"coronavirus",12882
"147",2020,3,2,"covid19",2965
"148",2020,3,2,"covid-19",1985
"149",2020,3,2,"salud",734
"150",2020,3,2,"corona",514
"151",2020,3,3,"coronavirus",22455
"152",2020,3,3,"covid-19",2802
"153",2020,3,3,"covid19",2656
"154",2020,3,3,"salud",1170
"155",2020,3,3,"visitante78",966
"156",2020,3,4,"coronavirus",34244
"157",2020,3,4,"covid-19",2647
"158",2020,3,4,"covid19",2088
"159",2020,3,4,"visitante78",1244
"160",2020,3,4,"corona virus",1107
"161",2020,3,5,"coronavirus",19226
"162",2020,3,5,"covid-19",2272
"163",2020,3,5,"covid19",1947
"164",2020,3,5,"corona virus",754
"165",2020,3,5,"dengue",588
"166",2020,3,6,"coronavirus",25669
"167",2020,3,6,"covid-19",4155
"168",2020,3,6,"covid19",2525
"169",2020,3,6,"covidー19",1329
"170",2020,3,6,"ébola",1149
"171",2020,3,7,"coronavirus",32219
"172",2020,3,7,"covid-19",4851
"173",2020,3,7,"covid19",4128
"174",2020,3,7,"facultad de comunicación",2051
"175",2020,3,7,"sars",1575
"176",2020,3,8,"coronavirus",20498
"177",2020,3,8,"covid-19",6086
"178",2020,3,8,"covid19",4499
"179",2020,3,8,"corona virus",2541
"180",2020,3,8,"sanidad",703
"181",2020,3,9,"coronavirus",19525
"182",2020,3,9,"covid-19",6212
"183",2020,3,9,"covid19",4262
"184",2020,3,9,"covid2019",1185
"185",2020,3,9,"sanidad",816
"186",2020,3,11,"coronavirus",28964
"187",2020,3,11,"covid-19",10837
"188",2020,3,11,"covid19",7285
"189",2020,3,11,"tú  yo coronavirus  netflix",1238
"190",2020,3,11,"codvid19",1041
"191",2020,3,12,"coronavirus",26163
"192",2020,3,12,"covid-19",10565
"193",2020,3,12,"covid19",5494
"194",2020,3,12,"covid",2627
"195",2020,3,12,"covid_19",724
"196",2020,3,13,"coronavirus",26512
"197",2020,3,13,"covid-19",9925
"198",2020,3,13,"covid19",4648
"199",2020,3,13,"covid",3105
"200",2020,3,13,"covid_19",1053
"201",2020,3,14,"coronavirus",26858
"202",2020,3,14,"covid-19",11055
"203",2020,3,14,"covid19",5918
"204",2020,3,14,"covidー19",4614
"205",2020,3,14,"covid",3333
"206",2020,3,15,"coronavirus",23260
"207",2020,3,15,"covid-19",14184
"208",2020,3,15,"covidー19",7566
"209",2020,3,15,"covid19",5911
"210",2020,3,15,"covid",2162
"211",2020,3,16,"coronavirus",22337
"212",2020,3,16,"covid-19",16693
"213",2020,3,16,"covid19",6206
"214",2020,3,16,"covidー19",4130
"215",2020,3,16,"covid",2446
"216",2020,3,17,"coronavirus",64206
"217",2020,3,17,"covid-19",58196
"218",2020,3,17,"covid",11857
"219",2020,3,17,"covid19",10426
"220",2020,3,17,"covidー19",2702
"221",2020,3,18,"covid-19",30996
"222",2020,3,18,"coronavirus",27226
"223",2020,3,18,"covid19",7982
"224",2020,3,18,"covid",5710
"225",2020,3,18,"covid_19",1646
"226",2020,3,19,"covid-19",55050
"227",2020,3,19,"coronavirus",43439
"228",2020,3,19,"covid19",14492
"229",2020,3,19,"covid",11058
"230",2020,3,19,"genkidama",6858
"231",2020,3,20,"covid-19",51343
"232",2020,3,20,"coronavirus",42749
"233",2020,3,20,"covid",15228
"234",2020,3,20,"covid19",13910
"235",2020,3,20,"covid_19",6555
"236",2020,3,22,"covid-19",53345
"237",2020,3,22,"coronavirus",36901
"238",2020,3,22,"covid",12678
"239",2020,3,22,"covid19",11580
"240",2020,3,22,"covidー19",7643
"241",2020,3,23,"covid-19",49686
"242",2020,3,23,"coronavirus",30930
"243",2020,3,23,"covid19",12248
"244",2020,3,23,"covid",10324
"245",2020,3,23,"covidー19",7574
"246",2020,3,24,"covid-19",9439
"247",2020,3,24,"coronavirus",8478
"248",2020,3,24,"covid19",7521
"249",2020,3,24,"covidー19",3525
"250",2020,3,24,"covid",1196
"251",2020,3,25,"coronavirus",22150
"252",2020,3,25,"covid-19",12978
"253",2020,3,25,"covid19",9908
"254",2020,3,25,"covidー19",2255
"255",2020,3,25,"covid2019",1569
"256",2020,3,26,"covid-19",52730
"257",2020,3,26,"coronavirus",43931
"258",2020,3,26,"covid19",16866
"259",2020,3,26,"covid",9660
"260",2020,3,26,"covid2019",4915
"261",2020,3,27,"covid-19",43346
"262",2020,3,27,"coronavirus",28569
"263",2020,3,27,"covid19",17762
"264",2020,3,27,"covid",8579
"265",2020,3,27,"covid 19",3032
"266",2020,3,28,"covid-19",52005
"267",2020,3,28,"coronavirus",32682
"268",2020,3,28,"covid19",18876
"269",2020,3,28,"covid",15948
"270",2020,3,28,"urgencias",3007
"271",2020,3,29,"covid-19",55656
"272",2020,3,29,"coronavirus",36093
"273",2020,3,29,"covid19",18593
"274",2020,3,29,"covid",14792
"275",2020,3,29,"covid_19",4345
"276",2020,3,30,"covid-19",31066
"277",2020,3,30,"coronavirus",20027
"278",2020,3,30,"covid19",15142
"279",2020,3,30,"covid",7817
"280",2020,3,30,"covid 19",1923
"281",2020,3,31,"covid-19",12130
"282",2020,3,31,"covid19",12061
"283",2020,3,31,"coronavirus",9067
"284",2020,3,31,"covid",1612
"285",2020,3,31,"covidー19",1359
"286",2020,4,1,"covid-19",38107
"287",2020,4,1,"coronavirus",19138
"288",2020,4,1,"covid19",15637
"289",2020,4,1,"covid",7273
"290",2020,4,1,"covidー19",5543
"291",2020,4,2,"covid-19",53663
"292",2020,4,2,"coronavirus",28423
"293",2020,4,2,"covid19",17015
"294",2020,4,2,"covid",10849
"295",2020,4,2,"covidー19",6265
"296",2020,4,3,"covid-19",55946
"297",2020,4,3,"coronavirus",29220
"298",2020,4,3,"covid19",17601
"299",2020,4,3,"covid",11847
"300",2020,4,3,"covidー19",4684
"301",2020,4,4,"covid-19",62088
"302",2020,4,4,"coronavirus",28756
"303",2020,4,4,"covid19",18154
"304",2020,4,4,"covid",14475
"305",2020,4,4,"covidー19",2848
"306",2020,4,5,"covid-19",58261
"307",2020,4,5,"coronavirus",27670
"308",2020,4,5,"covid19",17990
"309",2020,4,5,"covid",12919
"310",2020,4,5,"covid 19",3544
"311",2020,4,6,"covid-19",52903
"312",2020,4,6,"coronavirus",27640
"313",2020,4,6,"covid19",19036
"314",2020,4,6,"covid",16699
"315",2020,4,6,"covid_19",6360
"316",2020,4,7,"covid-19",55052
"317",2020,4,7,"coronavirus",24492
"318",2020,4,7,"covid19",20121
"319",2020,4,7,"covid",15849
"320",2020,4,7,"covid_19",3378
"321",2020,4,8,"covid-19",36508
"322",2020,4,8,"covid19",16460
"323",2020,4,8,"coronavirus",15916
"324",2020,4,8,"covid",7287
"325",2020,4,8,"covidー19",3126
"326",2020,4,9,"covid-19",36285
"327",2020,4,9,"coronavirus",17369
"328",2020,4,9,"covid19",15945
"329",2020,4,9,"covid",8623
"330",2020,4,9,"covidー19",4680
"331",2020,4,10,"covid-19",60321
"332",2020,4,10,"coronavirus",28264
"333",2020,4,10,"covid19",17320
"334",2020,4,10,"covid",12833
"335",2020,4,10,"covidー19",6398
"336",2020,4,11,"covid-19",62926
"337",2020,4,11,"coronavirus",28392
"338",2020,4,11,"covid",24289
"339",2020,4,11,"covid19",16076
"340",2020,4,11,"covidー19",5943
"341",2020,4,12,"covid-19",65292
"342",2020,4,12,"coronavirus",33947
"343",2020,4,12,"covid",26261
"344",2020,4,12,"covid19",18649
"345",2020,4,12,"covid 19",4046
"346",2020,4,14,"covid-19",60618
"347",2020,4,14,"coronavirus",26011
"348",2020,4,14,"covid19",18493
"349",2020,4,14,"covid",16826
"350",2020,4,14,"covid 19",5092
"351",2020,4,15,"covid-19",61231
"352",2020,4,15,"coronavirus",25156
"353",2020,4,15,"covid19",19815
"354",2020,4,15,"covid",15750
"355",2020,4,15,"covid 19",3253
"356",2020,4,16,"covid-19",62046
"357",2020,4,16,"coronavirus",27174
"358",2020,4,16,"covid19",19979
"359",2020,4,16,"covid",17898
"360",2020,4,16,"covid_19",3523
"361",2020,4,17,"covid-19",53564
"362",2020,4,17,"coronavirus",24947
"363",2020,4,17,"covid",18602
"364",2020,4,17,"covid19",17252
"365",2020,4,17,"covid_19",3095
"366",2020,4,18,"covid-19",40942
"367",2020,4,18,"coronavirus",23611
"368",2020,4,18,"covid",14656
"369",2020,4,18,"covid19",14298
"370",2020,4,18,"covid 19",2187
"371",2020,4,19,"covid-19",53158
"372",2020,4,19,"coronavirus",21832
"373",2020,4,19,"covid19",18849
"374",2020,4,19,"covid",14225
"375",2020,4,19,"covid 19",3871
"376",2020,4,20,"covid-19",66178
"377",2020,4,20,"coronavirus",23670
"378",2020,4,20,"covid19",20323
"379",2020,4,20,"covid",12816
"380",2020,4,20,"covidー19",5101
"381",2020,4,21,"covid-19",13215
"382",2020,4,21,"covid19",12427
"383",2020,4,21,"coronavirus",6027
"384",2020,4,21,"covidー19",3700
"385",2020,4,21,"covid",1716
"386",2020,4,22,"covid-19",63272
"387",2020,4,22,"covid",22514
"388",2020,4,22,"coronavirus",21717
"389",2020,4,22,"covid19",18207
"390",2020,4,22,"sars-cov-2",7954
"391",2020,4,23,"covid-19",46808
"392",2020,4,23,"coronavirus",19145
"393",2020,4,23,"covid19",17388
"394",2020,4,23,"covid",14131
"395",2020,4,23,"cuidemostodosdetodos covid",4965
"396",2020,4,24,"covid-19",47604
"397",2020,4,24,"coronavirus",17496
"398",2020,4,24,"covid19",16432
"399",2020,4,24,"covid",15464
"400",2020,4,24,"quédateencasa",4136
"401",2020,4,25,"covid-19",46421
"402",2020,4,25,"covid",21682
"403",2020,4,25,"coronavirus",21641
"404",2020,4,25,"covid19",17799
"405",2020,4,25,"covid_19",3247
"406",2020,4,26,"covid-19",44066
"407",2020,4,26,"coronavirus",23086
"408",2020,4,26,"covid",21622
"409",2020,4,26,"covid19",17843
"410",2020,4,26,"covid_19",2829
"411",2020,4,28,"covid-19",37828
"412",2020,4,28,"covid19",17142
"413",2020,4,28,"covid",13188
"414",2020,4,28,"coronavirus",12813
"415",2020,4,28,"quédateencasa",3917
"416",2020,4,29,"covid-19",33625
"417",2020,4,29,"covid19",16661
"418",2020,4,29,"coronavirus",14198
"419",2020,4,29,"covid",13582
"420",2020,4,29,"esfuerzoydisciplina",2175
"421",2020,4,30,"covid-19",48758
"422",2020,4,30,"coronavirus",22336
"423",2020,4,30,"covid",19744
"424",2020,4,30,"covid19",18965
"425",2020,4,30,"pcr",3121
"426",2020,6,11,"covid-19",103678
"427",2020,6,11,"covid19",72057
"428",2020,6,11,"covid",38552
"429",2020,6,11,"coronavirus",24980
"430",2020,6,11,"médicosenpeligro",8310
"431",2020,6,12,"covid-19",84666
"432",2020,6,12,"covid19",60214
"433",2020,6,12,"covid",28769
"434",2020,6,12,"coronavirus",24442
"435",2020,6,12,"covid 19",4356
"436",2020,6,13,"covid-19",93791
"437",2020,6,13,"covid19",53407
"438",2020,6,13,"covid",27735
"439",2020,6,13,"coronavirus",24889
"440",2020,6,13,"covid 19",4988
"441",2020,6,14,"covid-19",88071
"442",2020,6,14,"covid19",52445
"443",2020,6,14,"coronavirus",25582
"444",2020,6,14,"covid",24113
"445",2020,6,14,"decálogo",4902
"446",2020,6,15,"covid-19",87275
"447",2020,6,15,"covid19",64262
"448",2020,6,15,"coronavirus",33447
"449",2020,6,15,"covid",29901
"450",2020,6,15,"amlomientenohaytrabajo",8384
"451",2020,6,16,"covid-19",86158
"452",2020,6,16,"covid19",56039
"453",2020,6,16,"covid",32961
"454",2020,6,16,"coronavirus",27704
"455",2020,6,16,"amlomientenohaycomida",3649
"456",2020,6,17,"covid-19",108334
"457",2020,6,17,"covid19",55955
"458",2020,6,17,"covid",38416
"459",2020,6,17,"coronavirus",28944
"460",2020,6,17,"covid 19",4568
"461",2020,6,18,"covid-19",97875
"462",2020,6,18,"covid19",66072
"463",2020,6,18,"covid",33768
"464",2020,6,18,"coronavirus",27255
"465",2020,6,18,"bastadementirasamlo",9931
"466",2020,6,19,"covid-19",94116
"467",2020,6,19,"covid19",59246
"468",2020,6,19,"covid",38381
"469",2020,6,19,"coronavirus",27054
"470",2020,6,19,"iva",15595
"471",2020,6,20,"covid-19",80448
"472",2020,6,20,"covid19",50805
"473",2020,6,20,"covid",35463
"474",2020,6,20,"coronavirus",23377
"475",2020,6,20,"iva",8535
"476",2020,6,21,"covid-19",67686
"477",2020,6,21,"covid19",46881
"478",2020,6,21,"covid",27027
"479",2020,6,21,"coronavirus",21130
"480",2020,6,21,"cesarob087",5197
"481",2020,6,22,"covid-19",114829
"482",2020,6,22,"covid19",56882
"483",2020,6,22,"covid",40746
"484",2020,6,22,"coronavirus",27722
"485",2020,6,22,"cuarentenaestricta",6856
"486",2020,6,23,"covid-19",82540
"487",2020,6,23,"covid19",48394
"488",2020,6,23,"covid",29365
"489",2020,6,23,"coronavirus",28281
"490",2020,6,23,"covid 19",4753
"491",2020,6,24,"covid-19",76891
"492",2020,6,24,"covid19",40986
"493",2020,6,24,"covid",27724
"494",2020,6,24,"coronavirus",22520
"495",2020,6,24,"covid 19",4174
"496",2020,6,25,"covid-19",80760
"497",2020,6,25,"covid19",54863
"498",2020,6,25,"covid",36177
"499",2020,6,25,"coronavirus",20990
"500",2020,6,25,"covid 19",3750
"501",2020,6,26,"covid-19",73002
"502",2020,6,26,"covid19",46508
"503",2020,6,26,"covid",29363
"504",2020,6,26,"coronavirus",18522
"505",2020,6,26,"covid 19",2630
"506",2020,6,27,"covid-19",72755
"507",2020,6,27,"covid19",44722
"508",2020,6,27,"covid",22431
"509",2020,6,27,"coronavirus",19282
"510",2020,6,27,"covid 19",3719
"511",2020,6,28,"covid-19",73935
"512",2020,6,28,"covid19",48538
"513",2020,6,28,"covid",27631
"514",2020,6,28,"coronavirus",19165
"515",2020,6,28,"covid 19",5914
"516",2020,6,29,"covid-19",73795
"517",2020,6,29,"covid19",46859
"518",2020,6,29,"covid",30850
"519",2020,6,29,"coronavirus",22595
"520",2020,6,29,"covid 19",3738
"521",2020,6,30,"covid-19",78753
"522",2020,6,30,"covid19",50202
"523",2020,6,30,"covid",26909
"524",2020,6,30,"coronavirus",19950
"525",2020,6,30,"covid 19",5959
"526",2020,8,11,"covid-19",96760
"527",2020,8,11,"covid19",59330
"528",2020,8,11,"covid",42324
"529",2020,8,11,"coronavirus",20999
"530",2020,8,11,"covidー19",5190
"531",2020,8,12,"covid-19",104843
"532",2020,8,12,"covid19",59302
"533",2020,8,12,"covid",50518
"534",2020,8,12,"coronavirus",21923
"535",2020,8,12,"juventudconcienteysolidaria",7149
"536",2020,8,13,"covid-19",115494
"537",2020,8,13,"covid",57490
"538",2020,8,13,"covid19",51913
"539",2020,8,13,"coronavirus",26964
"540",2020,8,13,"covidー19",5233
"541",2020,8,14,"covid-19",93515
"542",2020,8,14,"covid19",49737
"543",2020,8,14,"covid",49029
"544",2020,8,14,"coronavirus",27426
"545",2020,8,14,"sanidad",7888
"546",2020,8,15,"covid-19",101853
"547",2020,8,15,"covid19",55665
"548",2020,8,15,"covid",42650
"549",2020,8,15,"coronavirus",23569
"550",2020,8,15,"batallaporlasaludylavida",18693
"551",2020,8,16,"covid-19",115145
"552",2020,8,16,"covid19",55499
"553",2020,8,16,"covid",47910
"554",2020,8,16,"coronavirus",22795
"555",2020,8,16,"madrid16a",17309
"556",2020,8,17,"covid-19",105224
"557",2020,8,17,"covid19",59405
"558",2020,8,17,"covid",45563
"559",2020,8,17,"coronavirus",23996
"560",2020,8,17,"pcr",7426
"561",2020,8,18,"covid-19",86107
"562",2020,8,18,"covid",52146
"563",2020,8,18,"covid19",51493
"564",2020,8,18,"coronavirus",20669
"565",2020,8,18,"o2",14504
"566",2020,8,19,"covid-19",93137
"567",2020,8,19,"covid19",53025
"568",2020,8,19,"covid",41479
"569",2020,8,19,"covid-agosto",19685
"570",2020,8,19,"coronavirus",18469
"571",2020,8,20,"covid-19",86762
"572",2020,8,20,"covid19",44929
"573",2020,8,20,"covid",41551
"574",2020,8,20,"coronavirus",19790
"575",2020,8,20,"pcr",5124
"576",2020,8,21,"covid-19",86661
"577",2020,8,21,"covid19",43649
"578",2020,8,21,"covid",33597
"579",2020,8,21,"coronavirus",19745
"580",2020,8,21,"covidー19",4831
"581",2020,8,22,"covid-19",106411
"582",2020,8,22,"covid19",50150
"583",2020,8,22,"covid",40162
"584",2020,8,22,"donarplasmasalvavidas",21933
"585",2020,8,22,"coronavirus",17087
"586",2020,8,23,"covid-19",80575
"587",2020,8,23,"covid19",45972
"588",2020,8,23,"covid",37375
"589",2020,8,23,"coronavirus",20478
"590",2020,8,23,"donarplasmasalvavidas",4694
"591",2020,8,25,"covid-19",90335
"592",2020,8,25,"covid19",50862
"593",2020,8,25,"covid",50629
"594",2020,8,25,"coronavirus",18543
"595",2020,8,25,"pueblosunidosysolidarios",4439
"596",2020,8,26,"covid-19",82138
"597",2020,8,26,"covid",47803
"598",2020,8,26,"covid19",43217
"599",2020,8,26,"coronavirus",18547
"600",2020,8,26,"la lusitana tasca""""",6066
"601",2020,8,27,"covid-19",88733
"602",2020,8,27,"covid19",49236
"603",2020,8,27,"covid",39540
"604",2020,8,27,"coronavirus",19567
"605",2020,8,27,"pcr",4716
"606",2020,8,28,"covid-19",88951
"607",2020,8,28,"covid19",45386
"608",2020,8,28,"covid",33230
"609",2020,8,28,"coronavirus",18155
"610",2020,8,28,"covidー19",6635
"611",2020,8,29,"covid-19",89098
"612",2020,8,29,"covid",44122
"613",2020,8,29,"covid19",42630
"614",2020,8,29,"coronavirus",15860
"615",2020,8,29,"covidー19",8078
"616",2020,8,30,"covid-19",87422
"617",2020,8,30,"covid",40706
"618",2020,8,30,"covid19",36225
"619",2020,8,30,"coronavirus",25013
"620",2020,8,30,"pcr",6108
"621",2020,9,6,"covid-19",4223
"622",2020,9,6,"covid19",3961
"623",2020,9,6,"covid",1803
"624",2020,9,6,"coronavirus",830
"625",2020,9,6,"covidー19",317
"626",2020,9,9,"covid-19",6373
"627",2020,9,9,"covid19",3246
"628",2020,9,9,"covid",1722
"629",2020,9,9,"coronavirus",1592
"630",2020,9,9,"nefrol",318
"631",2020,9,11,"covid-19",68799
"632",2020,9,11,"covid19",36772
"633",2020,9,11,"covid",27917
"634",2020,9,11,"coronavirus",21412
"635",2020,9,11,"saludalserviciodelpueblo",4347
"636",2020,9,13,"covid-19",72041
"637",2020,9,13,"covid",42903
"638",2020,9,13,"covid19",38616
"639",2020,9,13,"coronavirus",21508
"640",2020,9,13,"envideo",6644
"641",2020,9,14,"covid-19",78222
"642",2020,9,14,"covid",41008
"643",2020,9,14,"covid19",40895
"644",2020,9,14,"coronavirus",19290
"645",2020,9,14,"cuarentenaradicaldisciplinada",16628
"646",2020,9,15,"covid-19",74960
"647",2020,9,15,"covid19",38734
"648",2020,9,15,"covid",33206
"649",2020,9,15,"coronavirus",16483
"650",2020,9,15,"3b",10554
"651",2020,9,16,"covid-19",69937
"652",2020,9,16,"covid19",35780
"653",2020,9,16,"covid",35264
"654",2020,9,16,"coronavirus",15261
"655",2020,9,16,"pcr",3823
"656",2020,9,17,"covid-19",64285
"657",2020,9,17,"covid19",37962
"658",2020,9,17,"covid",31020
"659",2020,9,17,"coronavirus",16274
"660",2020,9,17,"pcr",5474
"661",2020,9,18,"covid-19",64854
"662",2020,9,18,"covid19",40857
"663",2020,9,18,"covid",40210
"664",2020,9,18,"coronavirus",17190
"665",2020,9,18,"pcr",3455
"666",2020,9,19,"covid-19",69712
"667",2020,9,19,"covid19",41311
"668",2020,9,19,"covid",38392
"669",2020,9,19,"coronavirus",14701
"670",2020,9,19,"pcr",4558
"671",2020,9,20,"covid-19",67645
"672",2020,9,20,"covid19",46875
"673",2020,9,20,"covid",34948
"674",2020,9,20,"coronavirus",18268
"675",2020,9,20,"pcr",11248
"676",2020,9,21,"covid-19",73164
"677",2020,9,21,"covid19",40636
"678",2020,9,21,"covid",32725
"679",2020,9,21,"coronavirus",16242
"680",2020,9,21,"wearamask",13801
"681",2020,9,22,"covid-19",64002
"682",2020,9,22,"covid19",34859
"683",2020,9,22,"covid",28352
"684",2020,9,22,"coronavirus",17000
"685",2020,9,22,"wearamask",7043
"686",2020,9,23,"covid-19",48854
"687",2020,9,23,"covid19",37126
"688",2020,9,23,"covid",22229
"689",2020,9,23,"coronavirus",15192
"690",2020,9,23,"champions",4024
"691",2020,9,24,"covid-19",63645
"692",2020,9,24,"covid19",43264
"693",2020,9,24,"covid",27280
"694",2020,9,24,"coronavirus",15550
"695",2020,9,24,"champions",3509
"696",2020,9,25,"covid-19",69573
"697",2020,9,25,"covid19",38178
"698",2020,9,25,"covid",29345
"699",2020,9,25,"coronavirus",13934
"700",2020,9,25,"covidー19",4107
"701",2020,9,26,"covid-19",62324
"702",2020,9,26,"covid19",39579
"703",2020,9,26,"covid",29892
"704",2020,9,26,"coronavirus",16314
"705",2020,9,26,"covidー19",5027
"706",2020,9,27,"covid-19",65503
"707",2020,9,27,"covid19",36939
"708",2020,9,27,"covid",32245
"709",2020,9,27,"vamosvenciendoalcovid19",21704
"710",2020,9,27,"coronavirus",14785
"711",2020,9,28,"covid-19",80622
"712",2020,9,28,"covid19",43012
"713",2020,9,28,"covid",40327
"714",2020,9,28,"coronavirus",15449
"715",2020,9,28,"fórmulaperfectaplan7más7",15042
"716",2020,9,29,"covid-19",79456
"717",2020,9,29,"covid19",44750
"718",2020,9,29,"covid",42161
"719",2020,9,29,"coronavirus",15458
"720",2020,9,29,"salud",3883
"721",2020,9,30,"covid-19",66289
"722",2020,9,30,"covid19",42288
"723",2020,9,30,"covid",36645
"724",2020,9,30,"coronavirus",16538
"725",2020,9,30,"sanidad",5380
"726",2020,11,11,"covid-19",57082
"727",2020,11,11,"covid",28426
"728",2020,11,11,"covid19",27925
"729",2020,11,11,"coronavirus",11447
"730",2020,11,11,"máximaprotecciónsocial",3833
"731",2020,11,12,"covid-19",52703
"732",2020,11,12,"covid19",26873
"733",2020,11,12,"covid",26575
"734",2020,11,12,"coronavirus",9857
"735",2020,11,12,"leerdesbloquea",7754
"736",2020,11,13,"covid-19",46258
"737",2020,11,13,"covid",27252
"738",2020,11,13,"covid19",22270
"739",2020,11,13,"coronavirus",10332
"740",2020,11,13,"hepa",2892
"741",2020,11,14,"covid-19",37598
"742",2020,11,14,"covid19",25027
"743",2020,11,14,"covid",24243
"744",2020,11,14,"coronavirus",8555
"745",2020,11,14,"hagan esto viral",2948
"746",2020,11,16,"covid-19",40953
"747",2020,11,16,"covid",32091
"748",2020,11,16,"covid19",22768
"749",2020,11,16,"coronavirus",9145
"750",2020,11,16,"moderna",3251
"751",2020,11,18,"covid-19",56281
"752",2020,11,18,"covid",28741
"753",2020,11,18,"covid19",25011
"754",2020,11,18,"coronavirus",11709
"755",2020,11,18,"verguenzanacional",4493
"756",2020,11,19,"covid-19",50163
"757",2020,11,19,"covid",29378
"758",2020,11,19,"covid19",24850
"759",2020,11,19,"coronavirus",13007
"760",2020,11,19,"notimippci",2784
"761",2020,11,20,"covid-19",53349
"762",2020,11,20,"covid19",32376
"763",2020,11,20,"covid",29041
"764",2020,11,20,"coronavirus",11087
"765",2020,11,20,"innovaciónysoberaníatecnológica",1814
"766",2020,11,21,"covid-19",44689
"767",2020,11,21,"covid19",27194
"768",2020,11,21,"covid",23373
"769",2020,11,21,"coronavirus",10270
"770",2020,11,21,"notimippci",2110
"771",2020,11,22,"covid-19",43654
"772",2020,11,22,"covid",30880
"773",2020,11,22,"ganemoslabatallaalcovid19",26612
"774",2020,11,22,"covid19",24616
"775",2020,11,22,"coronavirus",9053
"776",2020,11,23,"covid-19",56539
"777",2020,11,23,"covid",31214
"778",2020,11,23,"covid19",31039
"779",2020,11,23,"coronavirus",10788
"780",2020,11,23,"ganemoslabatallaalcovid19",6791
"781",2020,11,24,"covid-19",60744
"782",2020,11,24,"covid19",35787
"783",2020,11,24,"covid",34738
"784",2020,11,24,"coronavirus",15771
"785",2020,11,24,"pueblovalienteydigno",3951
"786",2020,11,25,"covid-19",59466
"787",2020,11,25,"covid19",39409
"788",2020,11,25,"covid",36572
"789",2020,11,25,"coronavirus",10959
"790",2020,11,25,"fidelporsiempre",3858
"791",2020,11,26,"covid-19",51665
"792",2020,11,26,"covid",41258
"793",2020,11,26,"covid19",36031
"794",2020,11,26,"coronavirus",10663
"795",2020,11,26,"vitel toné",3997
"796",2020,11,28,"covid-19",41602
"797",2020,11,28,"covid",26052
"798",2020,11,28,"covid19",22740
"799",2020,11,28,"coronavirus",8919
"800",2020,11,28,"covidー19",2898
"801",2020,11,29,"covid-19",45314
"802",2020,11,29,"covid",24620
"803",2020,11,29,"covid19",21348
"804",2020,11,29,"coronavirus",9509
"805",2020,11,29,"venezuelaprotegida",7228
"806",2020,11,30,"covid-19",57894
"807",2020,11,30,"covid",34001
"808",2020,11,30,"covid19",29464
"809",2020,11,30,"coronavirus",11751
"810",2020,11,30,"notimippci",5123
"811",2020,12,1,"covid-19",6291
"812",2020,12,1,"covid",3932
"813",2020,12,1,"covid19",3082
"814",2020,12,1,"coronavirus",1520
"815",2020,12,1,"notimippci",448
"816",2020,12,11,"covid-19",55819
"817",2020,12,11,"covid",40028
"818",2020,12,11,"covid19",35417
"819",2020,12,11,"coronavirus",10151
"820",2020,12,11,"pcr",4184
"821",2020,12,12,"covid-19",57977
"822",2020,12,12,"covid",35782
"823",2020,12,12,"covid19",33847
"824",2020,12,12,"coronavirus",19171
"825",2020,12,12,"covid 19",2455
"826",2020,12,13,"covid-19",60467
"827",2020,12,13,"covid",38902
"828",2020,12,13,"covid19",29390
"829",2020,12,13,"disciplinacolectiva",21647
"830",2020,12,13,"coronavirus",16863
"831",2020,12,14,"covid-19",77783
"832",2020,12,14,"covid",41216
"833",2020,12,14,"covid19",33099
"834",2020,12,14,"coronavirus",16736
"835",2020,12,14,"disciplinacolectiva",9342
"836",2020,12,15,"covid-19",77144
"837",2020,12,15,"covid",43877
"838",2020,12,15,"covid19",34548
"839",2020,12,15,"coronavirus",17484
"840",2020,12,15,"covid 19",4505
"841",2020,12,16,"covid-19",75037
"842",2020,12,16,"covid",43517
"843",2020,12,16,"covid19",35221
"844",2020,12,16,"coronavirus",21026
"845",2020,12,16,"ancsoberaníaypaz",4471
"846",2020,12,17,"covid-19",69313
"847",2020,12,17,"covid",39426
"848",2020,12,17,"covid19",32600
"849",2020,12,17,"coronavirus",19119
"850",2020,12,17,"covid 19",4980
"851",2020,12,18,"covid-19",73210
"852",2020,12,18,"covid",42993
"853",2020,12,18,"covid19",36641
"854",2020,12,18,"coronavirus",18451
"855",2020,12,18,"ancvictoriosasiempre",4706
"856",2020,12,19,"covid-19",57033
"857",2020,12,19,"covid",40884
"858",2020,12,19,"covid19",28449
"859",2020,12,19,"coronavirus",12580
"860",2020,12,19,"moderna",3963
"861",2020,12,20,"covid-19",60255
"862",2020,12,20,"covid",44032
"863",2020,12,20,"disciplinaanteelcovid19",30383
"864",2020,12,20,"covid19",29545
"865",2020,12,20,"coronavirus",22473
"866",2020,12,21,"covid-19",91784
"867",2020,12,21,"covid",54069
"868",2020,12,21,"covid19",38164
"869",2020,12,21,"coronavirus",31248
"870",2020,12,21,"gop",9065
"871",2020,12,22,"covid-19",74063
"872",2020,12,22,"covid",37974
"873",2020,12,22,"covid19",34802
"874",2020,12,22,"coronavirus",22201
"875",2020,12,22,"notimippci",3946
"876",2020,12,23,"covid-19",89872
"877",2020,12,23,"covid19",41295
"878",2020,12,23,"covid",40346
"879",2020,12,23,"coronavirus",20009
"880",2020,12,23,"solidaridadycooperación",18030
"881",2020,12,24,"covid-19",85761
"882",2020,12,24,"covid19",45115
"883",2020,12,24,"covid",39262
"884",2020,12,24,"coronavirus",14267
"885",2020,12,24,"solidaridadycooperación",3987
"886",2020,12,25,"covid-19",62199
"887",2020,12,25,"covid",44852
"888",2020,12,25,"covid19",28499
"889",2020,12,25,"coronavirus",9497
"890",2020,12,25,"navidaddealegriaypaz",3535
"891",2020,12,26,"covid-19",77203
"892",2020,12,26,"covid",53030
"893",2020,12,26,"covid19",42837
"894",2020,12,26,"coronavirus",11073
"895",2020,12,26,"covid19  yomevacuno",5785
"896",2020,12,27,"covid-19",114690
"897",2020,12,27,"covid",55197
"898",2020,12,27,"covid19",44555
"899",2020,12,27,"cuídatedelcovid19",40342
"900",2020,12,27,"coronavirus",22442
"901",2020,12,28,"covid-19",98845
"902",2020,12,28,"covid",52525
"903",2020,12,28,"covid19",40814
"904",2020,12,28,"coronavirus",18099
"905",2020,12,28,"cuídatedelcovid19",10076
"906",2020,12,29,"covid-19",84869
"907",2020,12,29,"covid",50626
"908",2020,12,29,"covid19",39800
"909",2020,12,29,"coronavirus",18733
"910",2020,12,29,"notimippci",5389
"911",2020,12,30,"covid-19",82094
"912",2020,12,30,"covid",54414
"913",2020,12,30,"covid19",37740
"914",2020,12,30,"coronavirus",15865
"915",2020,12,30,"sputnik v",14936
