Tweet_ID,Mentions
1219983052090163200,@CDCgov
1219983052090163200,@CDCgov
1219983055001014273,@antielabhk
1219983055001014273,@antielabhk
1219983055139590144,@SeriousDushyant
1219983058482475008,@BillionIn
1219983058482475008,@MariettaDaviz
1219983058482475008,@sankarchanda99
1219983062496436224,@nachenachena
1219983082658373632,@1AlexanderTitus
1219983104447844353,@CDCHIVAIDS
1219983104615387138,@SalonTrans
1219983107203317760,@catecadell
1219983120092368896,@ezracheungtoto
1219983120092368896,@StandNewsHK
1219983120092368896,@ezracheungtoto
1219983120092368896,@StandNewsHK
1219983135653400576,@CDCgov
1219983142980685834,@PhilippineStar
1219983143312089088,@ZhouFengSuo
1219983150681489409,@DrTedros
1219983150681489409,@WHO
1219983156079661057,@BrittSkrabaneks
1219983156079661057,@ClearVoice
1219983177801822208,@DrTedros
1219983177801822208,@WHO
1219983207019569153,@CDCgov
1219983219602395136,@queenbee4910
1219983219602395136,@realDonaldTrump
1219983223230476289,@Autumn4EE
1219983246844403712,@StarMistriel
1219983248920498177,@IndoPacInfo
1219983248920498177,@IndoPacInfo
1219983262715502594,@PhilippineStar
1219983298039934977,@PhilippineStar
1219983300225392646,@DrTomFrieden
1219983310224592897,@CDCgov
1219983310224592897,@CDCgov
1219983319460347910,@SDDOH
1219983319460347910,@SDDOH
1219983325445705730,@CDCFlu
1219983325445705730,@CDCFlu
1219983325651197952,@GMA
1219983326074720256,@ACEPNow
1219983326074720256,@CDCemergency
1219983326074720256,@PulmonaryNews
1219983326074720256,@usatoday
1219983333859430400,@CDCgov
1219983337009233920,@americanshomer
1219983345741811714,@PhilippineStar
1219983362145677313,@PhilippineStar
1219983370735816705,@DrTedros
1219983370735816705,@WHO
1219983402717282304,@nytimes
1219983426079490048,@PhilippineStar
1219983437706203137,@WyverShago
1219983449060270088,@WyverShago
1219983459961143306,@KessenaO
1219983463782027264,@JacksonWang852
1219983463782027264,@papijackseuniee
1219983464604356609,@FluTrackers
1219983476553850884,@CDCFlu
1219983476553850884,@CDCFlu
1219983512435970048,@2020BlueTexas
1219983532920958977,@realKyleOlbert
1219983534254768128,@PhilippineStar
1219983534447906822,@DrTedros
1219983534447906822,@WHO
1219983554580549632,@statnews
1219983555209678849,@zerohedge
1219983580539117568,@KGAndersen
1219983596913446912,@runningpepe60
1219983602223665153,@DrTedros
1219983602223665153,@WHO
1219983609873891329,@PhilippineStar
1219983629608050688,@RedHoss44
1219983643130712064,@cnnbrk
1219983648084176896,@StephenPunwasi
1219983648407130118,@HelenBranswell
1219983648407130118,@nicolamlow
1219983664181731329,@PhilippineStar
1219983679507746821,@SenTomCotton
1219983693344690176,@PhilippineStar
1219983713250840577,@DrTedros
1219983713250840577,@WHO
1219983729910697985,@eugenegu
1219983742271279104,@PhilippineStar
1219983778531151872,@NBCNews
1219983790350704642,@CDCgovs
1219983790350704642,@CDCgovs
1219983794213507073,@juliaoftoronto
1219983831509479426,@EcoHealthNYC
1219983831509479426,@PeterDaszak
1219983831509479426,@voxdotcom
1219983835758198784,@CDCgov
1219983835758198784,@DrNancyMCDC
1219983841819009024,@DrTedros
1219983841819009024,@WHO
1219983844432138240,@CDC
1219983844432138240,@WHO
1219983862404567041,@PhilippineStar
1219983862769389568,@mattgurney
1219983862769389568,@mattgurney
1219983862769389568,@mattgurney
1219983866095722496,@CDCChronic
1219983866095722496,@CDCgov
1219983866095722496,@healthyparks
1219983866095722496,@NatlParkService
1219983866095722496,@SurgeonGeneral
1219983879173562369,@DrTedros
1219983879173562369,@WHO
1219983883820646400,@ezracheungtoto
1219983887260094464,@lokinhei
1219983899180306437,@DrTedros
1219983899180306437,@WHO
1219983909267607552,@HHSGov
1219983914250321921,@DrTedros
1219983914250321921,@pahowho
1219983914250321921,@WHO
1219983914250321921,@WHOAFRO
1219983914250321921,@WHOEMRO
1219983914250321921,@WHOEurope
1219983914250321921,@WHOSEARO
1219983914250321921,@WHOWPRO
1219983929287020545,@KARAinFLA
1219983947188273154,@WHO
1219983948064772096,@ydns102
1219983975063736320,@ChinaDaily
1219983996324433921,@FlaMedic
1219983996324433921,@MackayIM
1219983996324433921,@FlaMedic
1219983996324433921,@MackayIM
1219984001466634240,@KING5Seattle
1219984001466634240,@KING5Seattle
1219984001466634240,@KING5Seattle
1219984027660308480,@DrTedros
1219984027660308480,@pahowho
1219984027660308480,@WHO
1219984027660308480,@WHOAFRO
1219984027660308480,@WHOEMRO
1219984027660308480,@WHOEurope
1219984027660308480,@WHOSEARO
1219984027660308480,@WHOWPRO
1219984029551865856,@NIOSH
1219984050728783873,@PhilippineStar
1219984056890228737,@PhilippineStar
1219984082089627660,@PhilippineStar
1219984090469810181,@PhilippineStar
1219984125211348992,@juliaoftoronto
1219984130038849540,@ezracheungtoto
1219984163870167041,@ABC
1219984173005336576,@DrTedros
1219984173005336576,@WHO
1219984184292208642,@BeijingPalmer
1219984184292208642,@davidvolodzko
1219984184292208642,@HelenBranswell
1219984184292208642,@maiamajumder
1219984184292208642,@SunKaiyuan
1219984189333753856,@PhilippineStar
1219984217246961665,@DrTedros
1219984217246961665,@WHO
1219984244178472961,@PhilippineStar
1219984262839009280,@WHO
1219984276017614848,@drsanjaygupta
1219984278877962240,@ABC7
1219984284804509697,@PhilippineStar
1219984296166883328,@ezracheungtoto
1219984309081210885,@CDCgov
1219984352614002688,@CDCHIVAIDS
1219984352614002688,@CDCHIVAIDS
1219984352614002688,@CDCHIVAIDS
1219984352614002688,@CDCHIVAIDS
1219984355436699651,@DrTedros
1219984355436699651,@WHO
1219984359614058496,@CDCgov
1219984359614058496,@CDCgov
1219984378165633025,@CDCgov
1219984396574429184,@PEPFAR
1219984396574429184,@PEPFAR
1219984396574429184,@PEPFAR
1219984405575487488,@StephenPunwasi
1219984411275382784,@PhilippineStar
1219984422293975042,@AfricaCDC
1219984422293975042,@CDCNCEZID
1219984422293975042,@CEPIvaccines
1219984422293975042,@drfaisalshuaib
1219984422293975042,@DrTedros
1219984422293975042,@emweeklyrpt
1219984422293975042,@EpidAlert
1219984422293975042,@iphfonline
1219984422293975042,@NCDCgov
1219984422293975042,@ohanyidof
1219984422293975042,@OlaoluAderinola
1219984422293975042,@OoasWaho
1219984422293975042,@PHNalliance
1219984422293975042,@PneumoniaDay
1219984422293975042,@UcheEwelike
1219984422293975042,@visionfmabuja
1219984422293975042,@WHO
1219984422293975042,@WHOAFRO
1219984422293975042,@XPneumo
1219984422293975042,@yatesrob
1219984422293975042,@AfricaCDC
1219984422293975042,@CDCNCEZID
1219984422293975042,@CEPIvaccines
1219984422293975042,@drfaisalshuaib
1219984422293975042,@DrTedros
1219984422293975042,@emweeklyrpt
1219984422293975042,@EpidAlert
1219984422293975042,@iphfonline
1219984422293975042,@NCDCgov
1219984422293975042,@ohanyidof
1219984422293975042,@OlaoluAderinola
1219984422293975042,@OoasWaho
1219984422293975042,@PHNalliance
1219984422293975042,@PneumoniaDay
1219984422293975042,@UcheEwelike
1219984422293975042,@visionfmabuja
1219984422293975042,@WHO
1219984422293975042,@WHOAFRO
1219984422293975042,@XPneumo
1219984422293975042,@yatesrob
1219984422620893185,@PhilippineStar
1219984424420495361,@talialikeitis
1219984446192963585,@Motomom128302
1219984457240915968,@KessenaO
1219984472541663234,@CDCgov
1219984501004210176,@molratty
1219984520666988544,@PhilippineStar
1219984537758752769,@ezracheungtoto
1219984543786000386,@CDCgov
1219984575885082624,@DrMtyndall
1219984575885082624,@vitaariv
1219984575885082624,@DrMtyndall
1219984575885082624,@vitaariv
1219984575885082624,@DrMtyndall
1219984575885082624,@vitaariv
1219984585930395648,@Dystopia992
1219984585930395648,@Dystopia992
1219984585930395648,@Dystopia992
1219984642838798336,@cnnbrk
1219984652363939840,@CDCFlu
1219984654800969730,@HIAWest71
1219984654800969730,@KathyCollett7
1219984654800969730,@KCSteckel
1219984654800969730,@Rtinti
1219984654800969730,@RyanNCTweets
1219984654800969730,@soltysikrob
1219984654800969730,@TinaRodwell1
1219984680461561856,@niccijsmith
1219984687797624832,@shoffmania
1219984701579857922,@MiffyPekkle
1219984706676064256,@DrTedros
1219984706676064256,@pahowho
1219984706676064256,@WHO
1219984706676064256,@WHOAFRO
1219984706676064256,@WHOEMRO
1219984706676064256,@WHOEurope
1219984706676064256,@WHOSEARO
1219984706676064256,@WHOWPRO
1219984714993299459,@CDCChronic
1219984723151413249,@HPVAction
1219984723151413249,@Jochurchill4
1219984723151413249,@JoTrust
1219984723151413249,@MattHancock
1219984729757237251,@ABsteward
1219984729757237251,@CDCgov
1219984729757237251,@CNN
1219984729757237251,@ABsteward
1219984729757237251,@CDCgov
1219984729757237251,@CNN
1219984729757237251,@ABsteward
1219984729757237251,@CDCgov
1219984729757237251,@CNN
1219984735780257793,@CDCInjury
1219984742495543296,@DrTedros
1219984742495543296,@WHO
1219984743737020416,@DWAY2k19
1219984743737020416,@JacksonWang852
1219984760174469120,@VanessaBeeley
1219984772488990720,@DrTedros
1219984772488990720,@WHO
1219984829686669312,@DrTedros
1219984829686669312,@WHO
1219984835424337920,@CDCgov
1219984838670733314,@ezracheungtoto
1219984840486866945,@ezracheungtoto
1219984840486866945,@StandNewsHK
1219984840486866945,@ezracheungtoto
1219984840486866945,@StandNewsHK
1219984846824583169,@StephenPunwasi
1219984850360459264,@NewDay
1219984852814123009,@FrumNewsReport
1219984855993286656,@cdc
1219984855993286656,@CDCgov
1219984855993286656,@coqundoodledoo
1219984855993286656,@EdwardHubert4
1219984855993286656,@itsphephe
1219984855993286656,@JohnMaaMD
1219984855993286656,@ParentsvsVape
1219984855993286656,@ravin187
1219984855993286656,@schmidci
1219984855993286656,@TroopaX
1219984855993286656,@vashiva
1219984874876080133,@benjaminzhao72
1219984874876080133,@SenTomCotton
1219984899441979392,@Dystopia992
1219984899441979392,@Dystopia992
1219984899441979392,@Dystopia992
1219984900490592257,@DrTedros
1219984900490592257,@WHO
1219984924897243146,@SaintBurno
1219984924897243146,@SaintBurno
1219984924897243146,@SaintBurno
1219984924897243146,@SaintBurno
1219984931390132224,@SCCM
1219984931390132224,@SCCMPresident
1219984935852765184,@CDCFlu
1219984935852765184,@CDCFlu
1219984956773957632,@NewDay
1219984957218541569,@HeadStartgov
1219984957218541569,@HeadStartgov
1219984979213635586,@HealthAffairs
1219984979213635586,@Interact4Health
1219984981847470080,@earthma23
1219984981847470080,@earthma23
1219984981847470080,@earthma23
1219984981847470080,@earthma23
1219984984364072965,@ABC7
1219984993750904834,@PhilippineStar
1219985010599649281,@shanghaidaily
1219985010599649281,@WHO
1219985014470766594,@CDCDirector
1219985045265379331,@PhilippineStar
1219985049459679232,@PhilippineStar
1219985062143430658,@nachenachena
1219985081198153729,@1010WINS
1219985081198153729,@ABC7
1219985081198153729,@AP
1219985081198153729,@BreakingNews
1219985081198153729,@CBSPhilly
1219985081198153729,@cnnbrk
1219985081198153729,@News12NJTW
1219985081198153729,@NPR
1219985081198153729,@PANYNJ
1219985081198153729,@SkyNewsBreak
1219985081198153729,@thehill
1219985081198153729,@WendyWilliams
1219985081198153729,@WNYC
1219985081198153729,@1010WINS
1219985081198153729,@ABC7
1219985081198153729,@AP
1219985081198153729,@BreakingNews
1219985081198153729,@CBSPhilly
1219985081198153729,@cnnbrk
1219985081198153729,@News12NJTW
1219985081198153729,@NPR
1219985081198153729,@PANYNJ
1219985081198153729,@SkyNewsBreak
1219985081198153729,@thehill
1219985081198153729,@WendyWilliams
1219985081198153729,@WNYC
1219985081198153729,@1010WINS
1219985081198153729,@ABC7
1219985081198153729,@AP
1219985081198153729,@BreakingNews
1219985081198153729,@CBSPhilly
1219985081198153729,@cnnbrk
1219985081198153729,@News12NJTW
1219985081198153729,@NPR
1219985081198153729,@PANYNJ
1219985081198153729,@SkyNewsBreak
1219985081198153729,@thehill
1219985081198153729,@WendyWilliams
1219985081198153729,@WNYC
1219985081198153729,@1010WINS
1219985081198153729,@ABC7
1219985081198153729,@AP
1219985081198153729,@BreakingNews
1219985081198153729,@CBSPhilly
1219985081198153729,@cnnbrk
1219985081198153729,@News12NJTW
1219985081198153729,@NPR
1219985081198153729,@PANYNJ
1219985081198153729,@SkyNewsBreak
1219985081198153729,@thehill
1219985081198153729,@WendyWilliams
1219985081198153729,@WNYC
1219985081198153729,@1010WINS
1219985081198153729,@ABC7
1219985081198153729,@AP
1219985081198153729,@BreakingNews
1219985081198153729,@CBSPhilly
1219985081198153729,@cnnbrk
1219985081198153729,@News12NJTW
1219985081198153729,@NPR
1219985081198153729,@PANYNJ
1219985081198153729,@SkyNewsBreak
1219985081198153729,@thehill
1219985081198153729,@WendyWilliams
1219985081198153729,@WNYC
1219985081378492417,@OhmlifeB
1219985082620043265,@CDCemergency
1219985085933461504,@Dystopia992
1219985085933461504,@Dystopia992
1219985085933461504,@Dystopia992
1219985086092890112,@ContagionLive
1219985098948263936,@piggythat
1219985108821839872,@DrTedros
1219985108821839872,@WHO
1219985109132038144,@CNN
1219985109132038144,@OfficialJoelF
1219985151632928768,@johnjxw
1219985151632928768,@robertsonlab
1219985151632928768,@johnjxw
1219985151632928768,@robertsonlab
1219985151632928768,@johnjxw
1219985151632928768,@robertsonlab
1219985163188424705,@DrTedros
1219985163188424705,@WHO
1219985175896977408,@HotepJesus
1219985175896977408,@UncleHotep
1219985175896977408,@wolfbabes
1219985194842828800,@DrTedros
1219985194842828800,@WHO
1219985203323686912,@GMA
1219985231920422912,@DrTedros
1219985231920422912,@WHO
1219985241475076096,@VanessaBeeley
1219985244209598465,@hotSahs
1219985244209598465,@hotSahs
1219985244209598465,@hotSahs
1219985256834633728,@DrTomFrieden
1219985256834633728,@statnews
1219985295623380993,@CDCgov
1219985307510222849,@PEPFAR
1219985307510222849,@PEPFAR
1219985307510222849,@PEPFAR
1219985317299740678,@CNN
1219985317299740678,@OfficialJoelF
1219985328934539265,@DrTedros
1219985328934539265,@WHO
1219985332294311938,@Neurofourier
1219985335695728642,@PhilippineStar
1219985338946457601,@2HawkEye2020
1219985349381967873,@CDCGroup
1219985349381967873,@CDCGroup
1219985351256739841,@DrTedros
1219985351256739841,@WHO
1219985369615060992,@johnjxw
1219985369615060992,@robertsonlab
1219985369615060992,@johnjxw
1219985369615060992,@robertsonlab
1219985369615060992,@johnjxw
1219985369615060992,@robertsonlab
1219985374610690048,@thedailybeast
1219985381824892929,@PEPFAR
1219985381824892929,@PEPFAR
1219985381824892929,@PEPFAR
1219985386946158592,@med1cinewoman
1219985391052300288,@ezracheungtoto
1219985391052300288,@StandNewsHK
1219985391052300288,@ezracheungtoto
1219985391052300288,@StandNewsHK
1219985393795371009,@rzes9
1219985417212235776,@CDCHIVAIDS
1219985417212235776,@DrMerminCDC
1219985417212235776,@unccfar
1219985425332363265,@FluTrackers
1219985449021853696,@DrTomFrieden
1219985449021853696,@statnews
1219985458085683200,@Dystopia992
1219985458085683200,@Dystopia992
1219985458085683200,@Dystopia992
1219985480562774016,@DrTomFrieden
1219985480562774016,@statnews
1219985489844768769,@AdamJKucharski
1219985498040688640,@GoogleNews
1219985499663802369,@CPHOCanada
1219985527245430786,@PhilippineStar
1219985542986772486,@DrMerminCDC
1219985542986772486,@ThirdCoastCFAR
1219985542986772486,@unccfar
1219985551542996992,@SylvieGelinet
1219985563694051329,@KessenaO
1219985564599975936,@RedHoss44
1219985579066028034,@MOUGK
1219985589556015107,@PhilippineStar
1219985592831893505,@AnneKPIX
1219985592831893505,@CDC
1219985601207980032,@nighealthwatch
1219985612603719680,@nytimes
1219985622657572865,@PhilippineStar
1219985636142108672,@jeromyu
1219985650570727430,@CDCFlu
1219985650570727430,@CDCFlu
1219985676877230080,@hkumed
1219985686062927877,@PEPFAR
1219985686062927877,@PEPFAR
1219985686062927877,@PEPFAR
1219985686951944200,@nachenachena
1219985689711992837,@johnjxw
1219985689711992837,@robertsonlab
1219985689711992837,@johnjxw
1219985689711992837,@robertsonlab
1219985689711992837,@johnjxw
1219985689711992837,@robertsonlab
1219985690626183173,@HelenBranswell
1219985690626183173,@nicolamlow
1219985704421224448,@ezracheungtoto
1219985704559742976,@Notyour28981739
1219985711132282882,@Notyour28981739
1219985713736736768,@SalonTrans
1219985714588344320,@CDCChronic
1219985714588344320,@CDCgov
1219985714588344320,@healthyparks
1219985714588344320,@NatlParkService
1219985714588344320,@SurgeonGeneral
1219985753683283969,@JenniferHYChan
1219985775804071936,@PhilippineStar
1219985780854198272,@TODAYshow
1219985788735148032,@ezracheungtoto
1219985788735148032,@StandNewsHK
1219985788735148032,@ezracheungtoto
1219985788735148032,@StandNewsHK
1219985791222415362,@FULLDEFENCE
1219985802626850817,@DrTedros
1219985802626850817,@WHO
1219985803520069633,@KirstyKwok
1219985808016338949,@CDCgov
1219985818053304323,@JenniferHYChan
1219985868074520576,@jeromyu
1219985872130658306,@DrTedros
1219985872130658306,@WHO
1219985887825682432,@CDCChronic
1219985887825682432,@CDCgov
1219985887825682432,@healthyparks
1219985887825682432,@NatlParkService
1219985887825682432,@SurgeonGeneral
1219985889901805569,@wsbtv
1219985960760377346,@CDCDRH
1219985963277000704,@juliaoftoronto
1219985966791872512,@ABC7NY
1219985972030517249,@darksavior79
1219985972030517249,@MisterAntiBully
1219985975599910920,@nighealthwatch
1219985975599910920,@SirAhmedRufai
1219985983921364992,@Acosta
1219986009703796736,@rileyyyyyxoxo
1219986009703796736,@xernue
1219986014992773125,@JenniferHYChan
1219986040133320704,@DrTedros
1219986040133320704,@WHO
1219986046827532288,@Liveuamap
1219986052041117698,@DrTedros
1219986052041117698,@WHO
1219986068868648960,@DrTedros
1219986075512397825,@virologicalorg
1219986101793959941,@PhilippineStar
1219986123381968896,@AmeshAA
1219986123381968896,@AmeshAA
1219986139970461696,@RickRussotti
1219986144693108737,@PhilippineStar
1219986178092552193,@PEPFAR
1219986178092552193,@PEPFAR
1219986178092552193,@PEPFAR
1219986189475647495,@dun76226129
1219986189475647495,@dun76226129
1219986202847326210,@CDCgov
1219986211395080194,@PhilippineStar
1219986213194682368,@ACHIPC
1219986217845972992,@Dystopia992
1219986217845972992,@Dystopia992
1219986217845972992,@Dystopia992
1219986222564638721,@BarnettforAZ
1219986228436553728,@PhilippineStar
1219986233176330240,@ezracheungtoto
1219986233176330240,@StandNewsHK
1219986233176330240,@ezracheungtoto
1219986233176330240,@StandNewsHK
1219986246665150464,@ezracheungtoto
1219986254361550848,@NurseLA46331912
1219986254361550848,@VincentCrypt46
1219986269721309185,@DrTedros
1219986269721309185,@WHO
1219986309701423105,@DrTedros
1219986309701423105,@WHO
1219986319234994176,@usatoday
1219986319234994176,@usatoday
1219986319234994176,@usatoday
1219986319234994176,@usatoday
1219986319234994176,@usatoday
1219986319234994176,@usatoday
1219986319234994176,@usatoday
1219986324737921024,@wxyzdetroit
1219986332614889472,@jotacosta104
1219986356308340736,@PhilippineStar
1219986371156365312,@concettaeedy
1219986371156365312,@davidicke
1219986371156365312,@VaccineChoiceCA
1219986371156365312,@concettaeedy
1219986371156365312,@davidicke
1219986371156365312,@VaccineChoiceCA
1219986371156365312,@concettaeedy
1219986371156365312,@davidicke
1219986371156365312,@VaccineChoiceCA
1219986371156365312,@concettaeedy
1219986371156365312,@davidicke
1219986371156365312,@VaccineChoiceCA
1219986371156365312,@concettaeedy
1219986371156365312,@davidicke
1219986371156365312,@VaccineChoiceCA
1219986371156365312,@concettaeedy
1219986371156365312,@davidicke
1219986371156365312,@VaccineChoiceCA
1219986371156365312,@concettaeedy
1219986371156365312,@davidicke
1219986371156365312,@VaccineChoiceCA
1219986371156365312,@concettaeedy
1219986371156365312,@davidicke
1219986371156365312,@VaccineChoiceCA
1219986371156365312,@concettaeedy
1219986371156365312,@davidicke
1219986371156365312,@VaccineChoiceCA
1219986371156365312,@concettaeedy
1219986371156365312,@davidicke
1219986371156365312,@VaccineChoiceCA
1219986371156365312,@concettaeedy
1219986371156365312,@davidicke
1219986371156365312,@VaccineChoiceCA
1219986371156365312,@concettaeedy
1219986371156365312,@davidicke
1219986371156365312,@VaccineChoiceCA
1219986388537442304,@DrTedros
1219986388537442304,@WHO
1219986399723692033,@DrFrieden
1219986399723692033,@GideonGil
1219986411950084098,@CDCgov
1219986425363554310,@HelenBranswell
1219986441591304197,@realDonaldTrump
1219986441591304197,@realDonaldTrump
1219986441591304197,@realDonaldTrump
1219986441591304197,@realDonaldTrump
1219986457420541952,@DrTomFrieden
1219986457420541952,@DrTomFrieden
1219986500110020609,@PhilippineStar
1219986505231302658,@ezracheungtoto
1219986505231302658,@StandNewsHK
1219986505231302658,@ezracheungtoto
1219986505231302658,@StandNewsHK
1219986509887082496,@DrTedros
1219986509887082496,@WHO
1219986525074722826,@FearDept
1219986573216739328,@PhilippineStar
1219986587007799296,@DrTedros
1219986587007799296,@WHO
1219986593202810880,@2HawkEye2020
1219986599833980929,@CDCgov
1219986624219500544,@ezracheungtoto
1219986629407862785,@ezracheungtoto
1219986658260594689,@GMA
1219986658260594689,@SteveOsunsami
1219986665185447939,@onlyyoontv
1219986698559541249,@CDCgov
1219986703831781377,@DrTedros
1219986703831781377,@WHO
1219986774367375368,@NYTScience
1219986775688597504,@ECDCEU
1219986775688597504,@PREPAREEUROPE
1219986775894110209,@ABC
1219986834479964160,@sidbshrestha
1219986834479964160,@sidbshrestha
1219986834479964160,@sidbshrestha
1219986835201568768,@colleenkraftmd
1219986850980429825,@RedboxWire
1219986853861974016,@BillyCorben
1219986853861974016,@ColMorrisDavis
1219986853861974016,@DAVHQ
1219986853861974016,@GOP
1219986853861974016,@PaulyTKal
1219986853861974016,@votevets
1219986856500133890,@CDCObesity
1219986862665797632,@CDCgov
1219986862665797632,@WSJ
1219986862758080512,@AMarch4OurLives
1219986880927846402,@KirstyKwok
1219986894915657728,@PhilippineStar
1219986900032860161,@Acosta
1219986900032860161,@Patrici31864139
1219986911831478272,@alvinllum
1219986921776017408,@PhilippineStar
1219986930521108481,@DrTedros
1219986930521108481,@WHO
1219986936842084352,@Liveuamap
1219986950880403457,@CNN
1219986968689500161,@AnonsSynonymous
1219986968689500161,@CDCgov
1219986968689500161,@RealestAhole
1219986985500258304,@FluTrackers
1219987006048088064,@DrFrieden
1219987006048088064,@GideonGil
1219987017741881344,@NPR
1219987020182884352,@juliaoftoronto
1219987024784056325,@Faypumping
1219987024784056325,@KulikovUNIATF
1219987035731062784,@WHO
1219987043335516166,@ajplus
1219987047240421376,@DrTomFrieden
1219987047240421376,@statnews
1219987054391701515,@CPHOCanada
1219987058556592128,@nytimes
1219987091070820352,@victracy
1219987091070820352,@Woppa1Woppa
1219987115557163008,@Dystopia992
1219987115557163008,@Dystopia992
1219987115557163008,@Dystopia992
1219987134217625600,@FluTrackers
1219987139053658112,@CDCgov
1219987162961022981,@PhilippineStar
1219987163095478272,@nighealthwatch
1219987163095478272,@SirAhmedRufai
1219987170301292544,@cDcPulpit
1219987172687777794,@CarissaBonham
1219987188886253569,@JenniferMarguli
1219987207177605121,@ellenmshores
1219987207177605121,@janebinnion
1219987207177605121,@NicoleBMD
1219987207177605121,@pilipiiii
1219987213137506305,@CNBC
1219987218225385472,@ahmmzaki
1219987240446615552,@DrTedros
1219987240446615552,@pahowho
1219987240446615552,@WHO
1219987240446615552,@WHOAFRO
1219987240446615552,@WHOEMRO
1219987240446615552,@WHOEurope
1219987240446615552,@WHOSEARO
1219987240446615552,@WHOWPRO
1219987245714870273,@ChinaDaily
1219987272533073920,@DrTedros
1219987272533073920,@WHO
1219987299766652931,@DrTedros
1219987299766652931,@pahowho
1219987299766652931,@WHO
1219987299766652931,@WHOAFRO
1219987299766652931,@WHOEMRO
1219987299766652931,@WHOEurope
1219987299766652931,@WHOSEARO
1219987299766652931,@WHOWPRO
1219987314295889920,@RoniNYTimes
1219987314295889920,@RoniNYTimes
1219987314295889920,@RoniNYTimes
1219987340409495553,@DrTedros
1219987340409495553,@WHO
1219987340849897472,@PhilippineStar
1219987348278128642,@akbarnasirkhan
1219987350329208833,@CDCgov
1219987355773345792,@FluTrackers
1219987362869989376,@PhilippineStar
1219987367068459008,@DebraGil
1219987371006889985,@PhilippineStar
1219987398299410432,@REALITYofJNJ
1219987398299410432,@REALITYofJNJ
1219987400488820737,@upperuwchlan
1219987419770114049,@DrTedros
1219987419770114049,@pahowho
1219987419770114049,@WHO
1219987419770114049,@WHOAFRO
1219987419770114049,@WHOEMRO
1219987419770114049,@WHOEurope
1219987419770114049,@WHOSEARO
1219987419770114049,@WHOWPRO
1219987421690908672,@businessinsider
1219987437650350081,@DrTedros
1219987437650350081,@WHO
1219987463986470912,@RealestAhole
1219987478439874560,@businessinsider
1219987482495705088,@wongtafuk
1219987483271876609,@Liveuamap
1219987493338189825,@Acosta
1219987508936790016,@DrTedros
1219987508936790016,@WHO
1219987516972863494,@PhilippineStar
1219987518952759301,@CASAAmedia
1219987535700643841,@NeonNettle
1219987543539666944,@PhilippineStar
1219987556948987911,@SunKaiyuan
1219987558509285376,@Liveuamap
1219987566323281923,@DrMerminCDC
1219987566323281923,@ThirdCoastCFAR
1219987566323281923,@unccfar
1219987578201337856,@JoeSquaw
1219987578201337856,@onlyyoontv
1219987578201337856,@realDonaldTrump
1219987583872073728,@WHO
1219987583872073728,@WHO
1219987583872073728,@WHO
1219987583872073728,@WHO
1219987583872073728,@WHO
1219987611760103424,@DrMtyndall
1219987611760103424,@vitaariv
1219987611760103424,@DrMtyndall
1219987611760103424,@vitaariv
1219987611760103424,@DrMtyndall
1219987611760103424,@vitaariv
1219987616566665216,@PhilippineStar
1219987616747020288,@Newsmax
1219987621734232074,@CDCemergency
1219987646400860161,@CDCHIVAIDS
1219987656781725697,@bradhoylman
1219987656781725697,@NYGovCuomo
1219987667569594368,@WHO
1219987667569594368,@WHO
1219987667569594368,@WHO
1219987670300004352,@NewDay
1219987714432327681,@PhilippineStar
1219987716546486274,@CIA
1219987729879986176,@alvinllum
1219987730668695552,@AmeshAA
1219987730668695552,@AmeshAA
1219987777959419905,@YouTube
1219987789099474945,@catecadell
1219987807353147392,@CNN
1219987807353147392,@OfficialJoelF
1219987822343421953,@RZLHongKong
1219987825732595712,@CDCgovs
1219987825732595712,@NACCHOalerts
1219987842320855040,@JoeSquaw
1219987842320855040,@onlyyoontv
1219987842320855040,@realDonaldTrump
1219987851980476417,@pedroje
1219987851980476417,@steveahlquist
1219987851980476417,@UpriseRI
1219987856116146177,@sadia936
1219987856116146177,@TooSeptic
1219987858041102339,@CNN
1219987858628456451,@StarMistriel
1219987874004848640,@HighArchmage
1219987893155958785,@AmerSocVirol
1219987893155958785,@bbbrieger
1219987893155958785,@NewYorkTimes11
1219987893155958785,@profvrr
1219987948063678464,@Acosta
1219987963112759297,@cnnbrk
1219987969857114112,@JenniferHYChan
1219987982435770368,@LotusOak2
1219987999137697794,@Liveuamap
1219988016946544640,@PhilippineStar
1219988018091696128,@johnjxw
1219988018091696128,@robertsonlab
1219988018091696128,@johnjxw
1219988018091696128,@robertsonlab
1219988018091696128,@johnjxw
1219988018091696128,@robertsonlab
1219988026333392896,@DrTedros
1219988026333392896,@WHO
1219988044524081153,@PhilippineStar
1219988051470049284,@SHEAEpi
1219988064023601153,@AAPNews
1219988067961929730,@GoddessxUnicorn
1219988067961929730,@iJaadee
1219988070273032192,@CDC
1219988070273032192,@pallasathena191
1219988070273032192,@WHO
1219988089067778048,@statnews
1219988101788913664,@87Sunvalentine
1219988101788913664,@PDChina
1219988104506773505,@nachenachena
1219988105123389441,@DrTedros
1219988105123389441,@pahowho
1219988105123389441,@WHO
1219988105123389441,@WHOAFRO
1219988105123389441,@WHOEMRO
1219988105123389441,@WHOEurope
1219988105123389441,@WHOSEARO
1219988105123389441,@WHOWPRO
1219988110731288577,@PenquinSix
1219988128624021506,@PhilippineStar
1219988131308437504,@CarterCritiques
1219988131308437504,@DKPghSports
1219988131513958400,@SalonTrans
1219988133065973760,@DukeGHI
1219988133065973760,@statnews
1219988157359448065,@DrTedros
1219988157359448065,@WHO
1219988176099512320,@AmeshAA
1219988217623019520,@hawes721
1219988217623019520,@LawCal999
1219988217623019520,@SenTomCotton
1219988217623019520,@hawes721
1219988217623019520,@LawCal999
1219988217623019520,@SenTomCotton
1219988218885615616,@CDC
1219988218885615616,@pallasathena191
1219988218885615616,@WHO
1219988248459608065,@CDCgov
1219988254407176194,@DrTedros
1219988254407176194,@WHO
1219988263345295360,@CPHOCanada
1219988276796260353,@AdamJKucharski
1219988288292786176,@CarterCritiques
1219988288292786176,@DKPghSports
1219988291732242435,@XHNews
1219988291883282433,@WHO
1219988299848278016,@mattk7
1219988302163562496,@DrTedros
1219988302163562496,@WHO
1219988305401516033,@cdcgovs
1219988305401516033,@NACCHOalerts
1219988307720970240,@ChildTrends
1219988307720970240,@NASBE
1219988307720970240,@NCSDDC
1219988307720970240,@StratfordB
1219988313416716288,@FluTrackers
1219988347990315008,@DebraGil
1219988349387182081,@anthonyfurey
1219988349387182081,@SXMCanadaTalks
1219988349387182081,@thejohnrobson
1219988349487853568,@pathogenomenick
1219988363547049990,@PhilippineStar
1219988365644312578,@ezracheungtoto
1219988374854959109,@ezracheungtoto
1219988384409669632,@ezracheungtoto
1219988385953087489,@Liveuamap
1219988403309117440,@FluTrackers
1219988411768958979,@JenniferMarguli
1219988416781258752,@anthonyfurey
1219988416781258752,@NatPostRadio
1219988416781258752,@thejohnrobson
1219988416781258752,@anthonyfurey
1219988416781258752,@NatPostRadio
1219988416781258752,@thejohnrobson
1219988426247868417,@arieljones411
1219988426247868417,@BethKamna
1219988426247868417,@maireadhilliar1
1219988439053094912,@ImThatGuyMatt
1219988439053094912,@RiseAndVape
1219988439053094912,@ImThatGuyMatt
1219988439053094912,@RiseAndVape
1219988450025172993,@DrTedros
1219988450025172993,@WHO
1219988461651775488,@DrTedros
1219988461651775488,@pahowho
1219988461651775488,@WHO
1219988461651775488,@WHOAFRO
1219988461651775488,@WHOEMRO
1219988461651775488,@WHOEurope
1219988461651775488,@WHOSEARO
1219988461651775488,@WHOWPRO
1219988478324117504,@CDCgov
1219988494640189440,@StarMistriel
1219988507990487040,@CDCHIVAIDS
1219988522398035968,@VanessaDag
1219988544254435328,@talialikeitis
1219988549841358848,@jjarvis01
1219988549841358848,@truthinitiative
1219988555164004352,@geaston819
1219988561199534080,@NPR
1219988561199534080,@redCastaway
1219988577939005445,@NatGeo
1219988597555658752,@CDCgov
1219988615557677058,@nytimes
1219988631638556678,@WSJ
1219988637690945536,@RZLHongKong
1219988647568531456,@WHO
1219988657303584776,@JenniferMarguli
1219988658591158272,@PhilippineStar
1219988666585468930,@HPAMV
1219988666585468930,@niyaf
1219988683606183936,@CDCasthma
1219988683606183936,@CDCasthma
1219988689322835968,@statnews
1219988724366413824,@PhilippineStar
1219988739876958209,@ABC
1219988750731829253,@HIPCuyahoga
1219988783354933248,@PhilippineStar
1219988802946596864,@CDCFlu
1219988802946596864,@CDCFlu
1219988814141296643,@SCCM
1219988814141296643,@SCCMPresident
1219988825910452225,@molratty
1219988835276378115,@4on6
1219988835276378115,@JordanSather
1219988840154304512,@LinglingWei
1219988846554693632,@ezracheungtoto
1219988846554693632,@StandNewsHK
1219988846554693632,@ezracheungtoto
1219988846554693632,@StandNewsHK
1219988864984440832,@CDCNPIN
1219988865131274240,@PhilippineStar
1219988868729954310,@CNN
1219988871104073734,@CDCgov
1219988891421286400,@RyanMarino
1219988893035950080,@ezracheungtoto
1219988893035950080,@StandNewsHK
1219988893035950080,@ezracheungtoto
1219988893035950080,@StandNewsHK
1219988900812378112,@WHO
1219988928767221762,@CDCFlu
1219988930101006336,@PhilippineStar
1219988932126892032,@FluTrackers
1219988972237131776,@DrTedros
1219988972237131776,@pahowho
1219988972237131776,@WHO
1219988972237131776,@WHOAFRO
1219988972237131776,@WHOEMRO
1219988972237131776,@WHOEurope
1219988972237131776,@WHOSEARO
1219988972237131776,@WHOWPRO
1219988985881092096,@MackayIM
1219988995771256832,@PhilippineStar
1219989017086824448,@CDCgov
1219989025672646656,@Vaccinologist
1219989025672646656,@Vaccinologist
1219989045872189442,@PhilippineStar
1219989068223664129,@realKyleOlbert
1219989086263554049,@catecadell
1219989102788898816,@PhilippineStar
1219989103875371008,@17BucksPAtri0t
1219989103875371008,@JordanSather
1219989107591581696,@JustinC45e
1219989107591581696,@Vaccinologist
1219989122636374017,@PhilippineStar
1219989128651182081,@WHO
1219989128651182081,@WHO
1219989128651182081,@WHO
1219989136200753154,@PhilippineStar
1219989137064898560,@DrTedros
1219989137064898560,@pahowho
1219989137064898560,@WHO
1219989137064898560,@WHOAFRO
1219989137064898560,@WHOEMRO
1219989137064898560,@WHOEurope
1219989137064898560,@WHOSEARO
1219989137064898560,@WHOWPRO
1219989162142638081,@CDCgov
1219989165053362176,@DrTedros
1219989165053362176,@WHO
1219989168845131776,@XHNews
1219989169247870976,@MarcGozlan
1219989169247870976,@MarcGozlan
1219989181453295616,@CDCgov
1219989190919827459,@CDCgov
1219989193167949824,@continuitycent
1219989205754904576,@InevitableET
1219989247358164994,@PhilippineStar
1219989251149815808,@PhilippineStar
1219989251217149953,@PhilippineStar
1219989268162105349,@WHO
1219989268162105349,@WHO
1219989268162105349,@WHO
1219989273069248522,@ezracheungtoto
1219989273069248522,@StandNewsHK
1219989273069248522,@ezracheungtoto
1219989273069248522,@StandNewsHK
1219989280707219460,@Liveuamap
1219989293583568909,@TODAYshow
1219989306879762438,@CDCgov
1219989321127608320,@JenniferMarguli
1219989327733637120,@ezracheungtoto
1219989335438544896,@DrTedros
1219989335438544896,@pahowho
1219989335438544896,@WHO
1219989335438544896,@WHOAFRO
1219989335438544896,@WHOEMRO
1219989335438544896,@WHOEurope
1219989335438544896,@WHOSEARO
1219989335438544896,@WHOWPRO
1219989349707599872,@PhilippineStar
1219989355936092161,@PhilippineStar
1219989362970152961,@imaniyvonne2
1219989368049299457,@cnnbrk
1219989369211109378,@HelenBranswell
1219989375049703426,@DrTomFrieden
1219989375049703426,@statnews
1219989405374480384,@WHO
1219989429462286337,@PhilippineStar
1219989431081267201,@DrTedros
1219989431081267201,@WHO
1219989451285250049,@HotepJesus
1219989451285250049,@JimmieLuke
1219989451285250049,@theIZA
1219989480200761344,@DrTedros
1219989480200761344,@WHO
1219989488148996097,@DrTedros
1219989488148996097,@pahowho
1219989488148996097,@WHO
1219989488148996097,@WHOAFRO
1219989488148996097,@WHOEMRO
1219989488148996097,@WHOEurope
1219989488148996097,@WHOSEARO
1219989488148996097,@WHOWPRO
1219989502438957057,@PhilippineStar
1219989525931397126,@RCPInews
1219989565609369601,@keraysmur
1219989565609369601,@WHOPhilippines
1219989581166047233,@STcom
1219989594638376960,@DrTedros
1219989594638376960,@WHO
1219989599637798912,@DrTedros
1219989599637798912,@pahowho
1219989599637798912,@WHO
1219989599637798912,@WHOAFRO
1219989599637798912,@WHOEMRO
1219989599637798912,@WHOEurope
1219989599637798912,@WHOSEARO
1219989599637798912,@WHOWPRO
1219989656198172672,@WHO
1219989656198172672,@WHO
1219989656198172672,@WHO
1219989674212478977,@PhilippineStar
1219989694311813121,@imaniyvonne2
1219989711994814470,@DrTedros
1219989711994814470,@WHO
1219989712871378948,@jasminelep
1219989725160902658,@TODAYshow
1219989735700979712,@DOHgov
1219989735700979712,@SecDuque
1219989735700979712,@DOHgov
1219989735700979712,@SecDuque
1219989735700979712,@DOHgov
1219989735700979712,@SecDuque
1219989742143647745,@PenquinSix
1219989743879852032,@PhilippineStar
1219989761013768199,@ATLairport
1219989761013768199,@CDCgov
1219989761013768199,@FOX5Atlanta
1219989761013768199,@GoodDayAtlanta
1219989763635068934,@SaintBurno
1219989763635068934,@SaintBurno
1219989763635068934,@SaintBurno
1219989763635068934,@SaintBurno
1219989782178099204,@PhilippineStar
1219989784782917633,@JenniferMarguli
1219989798032674817,@midkemia69
1219989798032674817,@ScienceChiq79
1219989823680806913,@johnjxw
1219989823680806913,@robertsonlab
1219989823680806913,@johnjxw
1219989823680806913,@robertsonlab
1219989823680806913,@johnjxw
1219989823680806913,@robertsonlab
1219989841321967621,@NewDay
1219989845667241984,@DrTedros
1219989845667241984,@WHO
1219989870715686912,@FluTrackers
1219989894975516672,@WallLayFay
1219989894975516672,@WallLayFay
1219989900902240256,@ABCWorldNews
1219989907705192448,@FluTrackers
1219989921039036417,@lindaxxxnnng
1219989921039036417,@ygentofficial
1219989926529290240,@JenniferHYChan
1219989939133149185,@JoeSquaw
1219989939133149185,@onlyyoontv
1219989939133149185,@realDonaldTrump
1219989941368676352,@DrTedros
1219989941368676352,@WHO
1219989949442904066,@6abc
1219989953490321408,@RCPInews
1219989992941989888,@DrTedros
1219989992941989888,@WHO
1219990027398209542,@DetHealth
1219990037728768000,@S3riosly
1219990042484961280,@BTtoronto
1219990042484961280,@corybowles
1219990042484961280,@VaporTrailsDave
1219990048143298560,@HelenBranswell
1219990048143298560,@nicolamlow
1219990064438091776,@DrTedros
1219990064438091776,@pahowho
1219990064438091776,@WHO
1219990064438091776,@WHOAFRO
1219990064438091776,@WHOEMRO
1219990064438091776,@WHOEurope
1219990064438091776,@WHOSEARO
1219990064438091776,@WHOWPRO
1219990073011265537,@cnnbrk
1219990078048456704,@FluTrackers
1219990086747656194,@ezracheungtoto
1219990089696043016,@PhilippineStar
1219990122340462593,@CDCgov
1219990128224952320,@CDCgov
1219990135481069568,@Dystopia992
1219990135481069568,@Dystopia992
1219990135481069568,@Dystopia992
1219990155215417345,@WHO
1219990155215417345,@WHO
1219990155215417345,@WHO
1219990161385111555,@NJSenDems
1219990161385111555,@UNICEF
1219990161385111555,@NJSenDems
1219990161385111555,@UNICEF
1219990161385111555,@NJSenDems
1219990161385111555,@UNICEF
1219990180003663872,@HickoryCreekTX
1219990186806763520,@ASAPAkhi
1219990186806763520,@funkadunkalunk
1219990186806763520,@LiraGalore
1219990186806763520,@sasha4short
1219990201272942593,@PhilippineStar
1219990207199510529,@WHO
1219990213587623938,@Liveuamap
1219990226346467330,@HausofHilton
1219990226350723072,@GovMurphy
1219990232713572353,@EuroRespSoc
1219990240984612864,@biancafrogner
1219990240984612864,@gmarkholmes
1219990240984612864,@GrantGannaway
1219990240984612864,@RyanKandrack
1219990276015415296,@FluTrackers
1219990279471669251,@CDCgov
1219990295296626688,@PhilippineStar
1219990298480336897,@PhilippineStar
1219990300623605761,@johnjxw
1219990300623605761,@robertsonlab
1219990300623605761,@johnjxw
1219990300623605761,@robertsonlab
1219990300623605761,@johnjxw
1219990300623605761,@robertsonlab
1219990306491265026,@WHO
1219990306491265026,@WHO
1219990306491265026,@WHO
1219990325738926081,@PhilippineStar
1219990340809003008,@Dystopia992
1219990340809003008,@Dystopia992
1219990340809003008,@Dystopia992
1219990361004814340,@CDCHIVAIDS
1219990410484838401,@PhilippineStar
1219990422216265734,@PhilippineStar
1219990446019108864,@IceAgeFarmer
1219990446019108864,@IceAgeFarmer
1219990459155542017,@CPHOCanada
1219990459155542017,@CPHOCanada
1219990459155542017,@CPHOCanada
1219990483943878656,@ezracheungtoto
1219990491254665217,@bylijing
1219990498250608642,@ABC
1219990502738558977,@samaylive
1219990502738558977,@samaylive
1219990502738558977,@samaylive
1219990502738558977,@samaylive
1219990502738558977,@samaylive
1219990502738558977,@samaylive
1219990502738558977,@samaylive
1219990506693910528,@cnnbrk
1219990526079926272,@JamiRakes
1219990532618735616,@JacobShap
1219990552906620929,@nytimes
1219990566852689925,@ezracheungtoto
1219990569562148865,@STcom
1219990570849853441,@mattk7
1219990581470023681,@talialikeitis
1219990594459598850,@PhilippineStar
1219990605171851264,@PhilippineStar
1219990607281582081,@PhilippineStar
1219990652815101953,@Breaking911
1219990652815101953,@TheWrathOfKEK
1219990652815101953,@TruckerWifeLife
1219990686516305921,@TheJimCornette
1219990687124463618,@JacksonWang852
1219990687124463618,@papijackseuniee
1219990688936398849,@Liveuamap
1219990698251952128,@ezracheungtoto
1219990728702480387,@PhilippineStar
1219990739179970562,@cdcsoutheast
1219990739179970562,@ChrisleyLey
1219990739179970562,@ChrispStreet
1219990739179970562,@EastLondonHCP
1219990739179970562,@LimehouseGP
1219990739179970562,@phillipjbr
1219990739179970562,@PopLimeHealth
1219990739179970562,@THGPCareGroup
1219990739179970562,@TowerHamletsCCG
1219990746930900999,@NYTScience
1219990750362054659,@dvergano
1219990772495204352,@jeromyu
1219990779923333121,@SaintBurno
1219990779923333121,@SaintBurno
1219990779923333121,@SaintBurno
1219990779923333121,@SaintBurno
1219990786059583490,@med1cinewoman
1219990789243142144,@RCPInews
1219990806477459459,@ezracheungtoto
1219990806477459459,@StandNewsHK
1219990806477459459,@ezracheungtoto
1219990806477459459,@StandNewsHK
1219990809333784576,@SalonTrans
1219990817693028353,@DrTedros
1219990817693028353,@pahowho
1219990817693028353,@WHO
1219990817693028353,@WHOAFRO
1219990817693028353,@WHOEMRO
1219990817693028353,@WHOEurope
1219990817693028353,@WHOSEARO
1219990817693028353,@WHOWPRO
1219990842695393281,@JamiRakes
1219990845807423490,@FluTrackers
1219990864048451584,@ezracheungtoto
1219990897095393280,@ezracheungtoto
1219990904116629504,@JTreece406
1219990908797476864,@Reuters
1219990914694885377,@alwaysshane31
1219990919056891910,@Bartonoptions
1219990920189231105,@PhilippineStar
1219990946378657798,@ajplus
1219990949540950016,@PhilippineStar
1219990950610710530,@akbarnasirkhan
1219990993396629504,@DrTedros
1219990993396629504,@WHO
1219990994600378368,@edyong209
1219990994600378368,@JeffreyGoldberg
1219991021716635650,@JenniferMarguli
1219991033787760641,@jasminelep
1219991038925799424,@alvinllum
1219991085457584133,@WHO
1219991085457584133,@WHO
1219991085457584133,@WHO
1219991087202340865,@AnneKPIX
1219991087202340865,@CDC
1219991108786065409,@PhilippineStar
1219991129640202240,@PhilippineStar
1219991138657918979,@Breaking911
1219991138657918979,@cherrybos
1219991138657918979,@TheWrathOfKEK
1219991138947387395,@PhilippineStar
1219991154646667264,@Vaccinologist
1219991154646667264,@Vaccinologist
1219991157830062080,@DrTedros
1219991157830062080,@WHO
1219991160925515776,@SaintBurno
1219991160925515776,@SaintBurno
1219991160925515776,@SaintBurno
1219991160925515776,@SaintBurno
1219991167342759936,@FluTrackers
1219991181037314049,@DrTedros
1219991181037314049,@WHO
1219991199458779136,@MicrobesInfect
1219991199458779136,@MicrobesInfect
1219991205561257984,@PhilippineStar
1219991210481344512,@CDCFlu
1219991210481344512,@HealthCareGov
1219991213442383872,@ezracheungtoto
1219991214360940544,@PhilippineStar
1219991215866859520,@AnneKPIX
1219991215866859520,@CDC
1219991229485780992,@wxyzalicia
1219991245163909120,@BenSwann
1219991245163909120,@BenSwann
1219991245163909120,@BenSwann
1219991279058055168,@ezracheungtoto
1219991279439958016,@ethanwang66
1219991279439958016,@SkyBlue168
1219991296129032194,@CDCCancer
1219991316752478209,@ABC
1219991328769089538,@DrTedros
1219991328769089538,@WHO
1219991336536944640,@nachenachena
1219991345265201152,@PhilippineStar
1219991363384680450,@DoctorJanette
1219991363384680450,@TeamCavuto
1219991384729378821,@DrTedros
1219991384729378821,@WHO
1219991429608550400,@CDCtravel
1219991429608550400,@medlineplus
1219991486483156994,@jeromyu
1219991502962606080,@DrTedros
1219991502962606080,@pahowho
1219991502962606080,@WHO
1219991502962606080,@WHOAFRO
1219991502962606080,@WHOEMRO
1219991502962606080,@WHOEurope
1219991502962606080,@WHOSEARO
1219991502962606080,@WHOWPRO
1219991529139228678,@WallLayFay
1219991529139228678,@WallLayFay
1219991550890872833,@HausofHilton
1219991559195656192,@WallLayFay
1219991559195656192,@WallLayFay
1219991569417138179,@ezracheungtoto
1219991569417138179,@StandNewsHK
1219991569417138179,@ezracheungtoto
1219991569417138179,@StandNewsHK
1219991573468868609,@DrTedros
1219991573468868609,@WHO
1219991595455406082,@concon929
1219991595455406082,@concon929
1219991599536537603,@CDCgov
1219991604750057475,@AslyO13
1219991625197391872,@nytimes
1219991627420372993,@FluTrackers
1219991635141906432,@PhilippineStar
1219991637633511425,@ezracheungtoto
1219991641693528064,@talialikeitis
1219991646764318720,@ezracheungtoto
1219991649566298112,@goldencaskcap
1219991660936880128,@PhilippineStar
1219991685058318336,@inaneenglish
1219991686169927680,@ajplus
1219991686845100033,@HausofHilton
1219991689311522816,@MerlinofCanada
1219991689311522816,@MerlinofCanada
1219991691358130176,@CDCgov
1219991696697511936,@bylijing
1219991706952581120,@PhilippineStar
1219991727408218112,@PhilippineStar
1219991729203568640,@Protectaxpayers
1219991729203568640,@WHO
1219991743006834688,@CDCgov
1219991755430428672,@PhilippineStar
1219991761549852672,@cwylilian
1219991761549852672,@cwylilian
1219991761549852672,@cwylilian
1219991768214622208,@PhilippineStar
1219991781271621632,@WHO
1219991781271621632,@WHO
1219991781271621632,@WHO
1219991781271621632,@WHO
1219991781271621632,@WHO
1219991784471834626,@DrTedros
1219991784471834626,@WHO
1219991805241880583,@SaintBurno
1219991805241880583,@SaintBurno
1219991805241880583,@SaintBurno
1219991805241880583,@SaintBurno
1219991816109527040,@JHUSystems
1219991845230374912,@RyanMarino
1219991867774898182,@HelenBranswell
1219991892957417472,@JOCOHealth
1219991898053459968,@piggythat
1219991905183793152,@sskonger
1219991933470162944,@SaintBurno
1219991933470162944,@SaintBurno
1219991933470162944,@SaintBurno
1219991933470162944,@SaintBurno
1219991944220286978,@RebeccaKatz5
1219991949660147713,@cwylilian
1219991949660147713,@cwylilian
1219991949660147713,@cwylilian
1219991958917042181,@PhilippineStar
1219991977116291074,@17BucksPAtri0t
1219991977116291074,@JordanSather
1219991979116785665,@NoobieMatt
1219991979116785665,@NoobieMatt
1219991979116785665,@NoobieMatt
1219991984837931008,@CDCgov
1219991991934758912,@CDCDirector
1219992005318627329,@PhilippineStar
1219992023111032832,@CDCFlu
1219992023111032832,@CDCFlu
1219992033944854535,@catecadell
1219992038478757890,@WilliamYang120
1219992076714237952,@med1cinewoman
1219992092622983170,@cnnbrk
1219992110180421638,@CNN
1219992121677090816,@catecadell
1219992138827493378,@ajc
1219992141461479424,@qingqingparis
1219992143843995649,@Liveuamap
1219992144649211904,@Dystopia992
1219992166845444097,@alvinllum
1219992177142460416,@PhilippineStar
1219992187271815169,@alilyinvalley
1219992187271815169,@alilyinvalley
1219992187271815169,@alilyinvalley
1219992189192699904,@PhilippineStar
1219992205533831172,@shanghaidaily
1219992205533831172,@shanghaidaily
1219992213859512320,@JenniferMarguli
1219992216807936000,@inquirerdotnet
1219992226656182276,@SJosephBurns
1219992227772014593,@lindasea53
1219992229059559425,@sidbshrestha
1219992229059559425,@sidbshrestha
1219992229059559425,@sidbshrestha
1219992233811808262,@Liveuamap
1219992238375100416,@ezracheungtoto
1219992238375100416,@StandNewsHK
1219992238375100416,@ezracheungtoto
1219992238375100416,@StandNewsHK
1219992248160358403,@runningpepe60
1219992249704112131,@shanghaidaily
1219992249704112131,@shanghaidaily
1219992260210757632,@cnnbrk
1219992281358323713,@WallLayFay
1219992281358323713,@WallLayFay
1219992301260492800,@NewDay
1219992313230848000,@ezracheungtoto
1219992319195340800,@eagleonlineug
1219992324501057536,@CDCFlu
1219992324501057536,@CDCFlu
1219992339483189253,@WildCrimePro
1219992365747843073,@CDCCancer
1219992384739532800,@BlackFionC
1219992384739532800,@Heritage
1219992384739532800,@JJCarafano
1219992384739532800,@BlackFionC
1219992384739532800,@Heritage
1219992384739532800,@JJCarafano
1219992384739532800,@BlackFionC
1219992384739532800,@Heritage
1219992384739532800,@JJCarafano
1219992384739532800,@BlackFionC
1219992384739532800,@Heritage
1219992384739532800,@JJCarafano
1219992389671981056,@hughhewitt
1219992390938906624,@VanessaDag
1219992393149112320,@nupepsquad
1219992415605608448,@Liveuamap
1219992421435613186,@JenniferMarguli
1219992431283752962,@PhilippineStar
1219992432420380673,@alvinllum
1219992451018035200,@drkellyhenning
1219992451018035200,@GovMurphy
1219992451018035200,@NoCureforCance2
1219992458961932289,@cwylilian
1219992458961932289,@cwylilian
1219992458961932289,@cwylilian
1219992464095875073,@CDCHIVAIDS
1219992477630791680,@ezracheungtoto
1219992481015554050,@ezracheungtoto
1219992481015554050,@StandNewsHK
1219992481015554050,@ezracheungtoto
1219992481015554050,@StandNewsHK
1219992491430227968,@CDCgov
1219992543993057281,@CDCHIVAIDS
1219992545062600704,@DrMay5
1219992546476285959,@CDCNCBDDD
1219992546476285959,@TheRock
1219992550553112577,@talialikeitis
1219992557473751044,@Protectaxpayers
1219992557473751044,@WHO
1219992565182877696,@1slicknigga
1219992573227323392,@jeromyu
1219992574464708609,@prefpolice
1219992574464708609,@prefpolice
1219992604609171461,@johnjxw
1219992604609171461,@robertsonlab
1219992604609171461,@johnjxw
1219992604609171461,@robertsonlab
1219992604609171461,@johnjxw
1219992604609171461,@robertsonlab
1219992614969266177,@ajplus
1219992623936503808,@Independent
1219992626293686273,@ahava
1219992626293686273,@SaraCarterDC
1219992626293686273,@SecAzar
1219992626323083264,@Liveuamap
1219992633768054784,@CDCTobaccoFree
1219992634640519168,@AslyO13
1219992634640519168,@roosgarvi
1219992647017910272,@1slicknigga
1219992647017910272,@okkaydess
1219992661815283712,@cnnbrk
1219992673873952770,@Rectitude20
1219992676050751489,@WSJ
1219992679536304128,@CDCTobaccoFree
1219992723970760704,@ainsleyearhardt
1219992723970760704,@foxandfriends
1219992723970760704,@FoxNews
1219992732426326018,@onlyyoontv
1219992732426326018,@onlyyoontv
1219992753796288514,@CASpears1
1219992753955921920,@PhilippineStar
1219992763799941121,@PhilippineStar
1219992765301325824,@ezracheungtoto
1219992772507136000,@ezracheungtoto
1219992772507136000,@StandNewsHK
1219992772507136000,@ezracheungtoto
1219992772507136000,@StandNewsHK
1219992775573135361,@PhilippineStar
1219992803414966273,@KirstyKwok
1219992811099037696,@americangrace
1219992811099037696,@CarrieDDahl
1219992811099037696,@ChrisLoesch
1219992811099037696,@flybabymoni
1219992811099037696,@IchBinDurstig
1219992811099037696,@jettblkk
1219992811099037696,@JohnFugelsang
1219992811099037696,@libby4adime
1219992811099037696,@Ummmmichelle
1219992811099037696,@WombatSocho
1219992811715682307,@NewGeog
1219992811715682307,@WickenFenNT
1219992823371423745,@chopkickpunch
1219992823371423745,@chopkickpunch
1219992825720258561,@CDCgov
1219992842422099969,@CDCgov
1219992842422099969,@EpidAlert
1219992855294496769,@WilliamYang120
1219992859870363649,@JenniferMarguli
1219992863619993607,@SwineHealthON
1219992874651013120,@FluTrackers
1219992876073078784,@AnnCoulter
1219992876073078784,@realDonaldTrump
1219992884235005952,@Dystopia992
1219992884235005952,@Dystopia992
1219992884235005952,@Dystopia992
1219992887888400389,@Liveuamap
1219992902589243393,@boagomokgathong
1219992902589243393,@boagomokgathong
1219992905898528769,@CDCgov
1219992922835148802,@ezracheungtoto
1219992922835148802,@StandNewsHK
1219992922835148802,@ezracheungtoto
1219992922835148802,@StandNewsHK
1219992927465664512,@hongkongching1
1219992927793025026,@CDCDirector
1219992932612100098,@AndrewLazarus4
1219992932612100098,@CaliforniaAtto2
1219992932612100098,@carlsmythe
1219992932612100098,@crabbvicki
1219992932612100098,@DanielBABanks
1219992932612100098,@doritmi
1219992932612100098,@GetQueenBee
1219992932612100098,@greencait
1219992932612100098,@GrumFromNorwich
1219992932612100098,@heartistsince11
1219992932612100098,@HupperichWerner
1219992932612100098,@ianfmusgrave
1219992932612100098,@JulieAMcLean
1219992932612100098,@Just4TheCause
1219992932612100098,@kevinault
1219992932612100098,@knwachter
1219992932612100098,@LaughlandMorgan
1219992932612100098,@LiamKav
1219992932612100098,@lizditz
1219992932612100098,@margiemoo
1219992932612100098,@Marikatt77
1219992932612100098,@MartinCooper222
1219992932612100098,@mc40e
1219992932612100098,@MilanovNina
1219992932612100098,@MLAnder87321751
1219992932612100098,@mmelgar09
1219992932612100098,@ParentMindInc
1219992932612100098,@QTent2016
1219992932612100098,@saluce65
1219992932612100098,@scienceotter1
1219992932612100098,@ShonadMcDermott
1219992932612100098,@SkeptMgmt
1219992932612100098,@troydee
1219992932612100098,@whoweareuk
1219992933169917952,@Independent
1219992939964715008,@PhilippineStar
1219992945941549061,@JenniferHYChan
1219992965206216704,@nytimes
1219992970922868737,@danharris
1219992970922868737,@danharris
1219992970922868737,@danharris
1219992970922868737,@danharris
1219992974592892929,@PhilippineStar
1219992988962775040,@CASAAmedia
1219993003739222017,@Independent
1219993009581953024,@Liveuamap
1219993047707996160,@TruShardz
1219993054469378049,@Liveuamap
1219993113508212736,@ezracheungtoto
1219993138980212737,@jeromyu
1219993161772068864,@KrisWu
1219993161772068864,@wuyifan
1219993163739230208,@SophiaPhilo5
1219993181447692297,@Vaccinologist
1219993181447692297,@Vaccinologist
1219993182450024448,@concon929
1219993182450024448,@MudShui
1219993182450024448,@concon929
1219993182450024448,@MudShui
1219993183574249478,@SocBirthDefects
1219993233763323916,@JustineSkye
1219993246396559365,@Protectaxpayers
1219993246396559365,@WHO
1219993251505033221,@Independent
1219993259377774593,@cnnbrk
1219993263534374913,@darhar981
1219993286045126656,@JannaPropaganda
1219993286045126656,@talialikeitis
1219993286896758785,@DrTedros
1219993286896758785,@pahowho
1219993286896758785,@WHO
1219993286896758785,@WHOAFRO
1219993286896758785,@WHOEMRO
1219993286896758785,@WHOEurope
1219993286896758785,@WHOSEARO
1219993286896758785,@WHOWPRO
1219993294358188033,@nachenachena
1219993295687946242,@mattk7
1219993345885462530,@DamianEudy
1219993352562589696,@ezracheungtoto
1219993352562589696,@StandNewsHK
1219993352562589696,@ezracheungtoto
1219993352562589696,@StandNewsHK
1219993353154154499,@FluTrackers
1219993359571271680,@XinqiSu
1219993385940987904,@AnneKPIX
1219993385940987904,@CDC
1219993397420683265,@PhilippineStar
1219993442585141250,@NHSPIndex
1219993446514970625,@Independent
1219993453834063872,@GlenwoodNate
1219993456417890306,@Independent
1219993463187480576,@RobbersonJon
1219993528043884546,@cwylilian
1219993533811175424,@CryptoBitlord
1219993535585214464,@Roxiah67Roller
1219993535585214464,@teririch
1219993542866735110,@NeonNettl
1219993542866735110,@SilviaE71071006
1219993586969632769,@PhilippineStar
1219993626584981505,@azcentral
1219993627037855745,@CDCgov
1219993638211444742,@ezracheungtoto
1219993638211444742,@StandNewsHK
1219993638211444742,@ezracheungtoto
1219993638211444742,@StandNewsHK
1219993658524602368,@PhilippineStar
1219993673477316615,@FLHealthDuval
1219993722584211456,@nytimes
1219993742062637057,@ErrataRob
1219993774203392000,@ezracheungtoto
1219993802959618050,@AgainstCures
1219993802959618050,@deerbrian
1219993802959618050,@drbrignall
1219993802959618050,@DrPChouinard
1219993802959618050,@EDalmayne
1219993802959618050,@Kavvasakiman
1219993802959618050,@kidoctr
1219993802959618050,@MeltingFast
1219993802959618050,@PeterHotez
1219993812530917381,@WyverShago
1219993828154843138,@darhar981
1219993852703952896,@Independent
1219993864196374529,@vote4dongshen
1219993864196374529,@vote4dongshen
1219993864196374529,@vote4dongshen
1219993864196374529,@vote4dongshen
1219993864196374529,@vote4dongshen
1219993874099245063,@Liveuamap
1219993882869620736,@ezracheungtoto
1219993912850337793,@ezracheungtoto
1219993912850337793,@StandNewsHK
1219993912850337793,@ezracheungtoto
1219993912850337793,@StandNewsHK
1219993925383086081,@ezracheungtoto
1219993939442225153,@ahgazones
1219993951568039936,@GalGravel
1219993988964343808,@EthanObama
1219993988964343808,@hughhewitt
1219994036678709248,@DrTedros
1219994036678709248,@WHO
1219994083520806913,@DrTedros
1219994083520806913,@WHO
1219994085924229120,@Rectitude20
1219994086331027456,@DrTedros
1219994086331027456,@WHO
1219994104475607040,@ezracheungtoto
1219994105519976454,@TexasNursesAssn
1219994108229382144,@PhilippineStar
1219994110989406213,@EuroRespSoc
1219994144556421121,@AshleyStohr
1219994154341732354,@StephenPunwasi
1219994159697682437,@Aumniscient
1219994188147617792,@CDCNCEZID
1219994188147617792,@CDCNCEZID
1219994205923106816,@PhilippineStar
1219994230858354688,@Nightline
1219994242405236736,@Rectitude20
1219994251078979584,@6abc
1219994252286906369,@GeyersSchwarzer
1219994278988013569,@ShotsExpert
1219994297996644352,@WHO
1219994320259944448,@cnnbrk
1219994337137909760,@CDC
1219994337137909760,@CDC
1219994337137909760,@CDC
1219994337561534464,@DrTedros
1219994337561534464,@WHO
1219994343529799680,@PhilippineStar
1219994352958656512,@goldencaskcap
1219994353684271104,@WSJ
1219994359447412739,@CDCHIVAIDS
1219994359447412739,@DrMerminCDC
1219994371778629634,@davidpaulk
1219994371778629634,@onlyyoontv
1219994384764145669,@NewDay
1219994391076462593,@ezracheungtoto
1219994397183365122,@PhilippineStar
1219994433694982145,@DrTedros
1219994433694982145,@pahowho
1219994433694982145,@WHO
1219994433694982145,@WHOAFRO
1219994433694982145,@WHOEMRO
1219994433694982145,@WHOEurope
1219994433694982145,@WHOSEARO
1219994433694982145,@WHOWPRO
1219994443157135362,@CASAAmedia
1219994444801249281,@PhilippineStar
1219994446323949569,@GovMurphy
1219994446323949569,@MTERKnet
1219994453261406208,@DrTedros
1219994453261406208,@WHO
1219994455517720576,@PhilippineStar
1219994457279541248,@FearDept
1219994464061575171,@anuraAdhikari
1219994464061575171,@anuraAdhikari
1219994464061575171,@anuraAdhikari
1219994491949649920,@GovMurphy
1219994491949649920,@MTERKnet
1219994502141603840,@ezracheungtoto
1219994559217852416,@CDCDirector
1219994581816762368,@CDC
1219994581816762368,@RebeccaMaltsev
1219994581816762368,@SuveenAngraal
1219994581816762368,@CDC
1219994581816762368,@RebeccaMaltsev
1219994581816762368,@SuveenAngraal
1219994583465123842,@WSJ
1219994597075505153,@ezracheungtoto
1219994597075505153,@StandNewsHK
1219994597075505153,@ezracheungtoto
1219994597075505153,@StandNewsHK
1219994603480342529,@DrTedros
1219994603480342529,@WHO
1219994606546239489,@Dystopia992
1219994606546239489,@Dystopia992
1219994606546239489,@Dystopia992
1219994631473000448,@WSJ
1219994638204985347,@DrTedros
1219994638204985347,@pahowho
1219994638204985347,@WHO
1219994638204985347,@WHOAFRO
1219994638204985347,@WHOEMRO
1219994638204985347,@WHOEurope
1219994638204985347,@WHOSEARO
1219994638204985347,@WHOWPRO
1219994651433717760,@PhilippineStar
1219994656529899522,@juliaoftoronto
1219994675961925634,@ABC7
1219994676226211842,@DrTedros
1219994676226211842,@pahowho
1219994676226211842,@WHO
1219994676226211842,@WHOAFRO
1219994676226211842,@WHOEMRO
1219994676226211842,@WHOEurope
1219994676226211842,@WHOSEARO
1219994676226211842,@WHOWPRO
1219994678302597120,@juliaoftoronto
1219994684392501250,@nikkimiumiu
1219994691233624065,@med1cinewoman
1219994702721835009,@RealestAhole
1219994712473513985,@cnnbrk
1219994714352562177,@CDCFlu
1219994714352562177,@CDCFlu
1219994718630764544,@DrTedros
1219994718630764544,@pahowho
1219994718630764544,@WHO
1219994718630764544,@WHOAFRO
1219994718630764544,@WHOEMRO
1219994718630764544,@WHOEurope
1219994718630764544,@WHOSEARO
1219994718630764544,@WHOWPRO
1219994721478680576,@fidelmacook
1219994724557156352,@PhilippineStar
1219994745939931136,@MCoteLab
1219994745939931136,@SuriSpurs
1219994745939931136,@uOttawaBMI
1219994745939931136,@uOttawaMed
1219994752617086977,@SHEAEpi
1219994756551512066,@DrTedros
1219994756551512066,@WHO
1219994776050847744,@DrTedros
1219994776050847744,@WHO
1219994779196493826,@DrTedros
1219994779196493826,@pahowho
1219994779196493826,@WHO
1219994779196493826,@WHOAFRO
1219994779196493826,@WHOEMRO
1219994779196493826,@WHOEurope
1219994779196493826,@WHOSEARO
1219994779196493826,@WHOWPRO
1219994799085932544,@abc7
1219994799085932544,@abc7
1219994799085932544,@abc7
1219994800369229826,@cnni
1219994803674304513,@piggythat
1219994870758068225,@FluTrackers
1219994877473116162,@ezracheungtoto
1219994903725342720,@hughhewitt
1219994906057420801,@charlesadler
1219994906057420801,@KJPCGY
1219994908670320642,@DrTedros
1219994908670320642,@WHO
1219994925200105475,@PhilippineStar
1219994929197277185,@PEPFAR
1219994929197277185,@PEPFAR
1219994929197277185,@PEPFAR
1219994929906274309,@JenniferMarguli
1219994952224034817,@DrTedros
1219994952224034817,@pahowho
1219994952224034817,@WHO
1219994952224034817,@WHOAFRO
1219994952224034817,@WHOEMRO
1219994952224034817,@WHOEurope
1219994952224034817,@WHOSEARO
1219994952224034817,@WHOWPRO
1219994962378530817,@juliaoftoronto
1219994989469396993,@nikkimiumiu
1219994989469396993,@nikkimiumiu
1219994989469396993,@nikkimiumiu
1219994990560059393,@PhilippineStar
1219994992451575809,@DrTedros
1219994992451575809,@pahowho
1219994992451575809,@WHO
1219994992451575809,@WHOAFRO
1219994992451575809,@WHOEMRO
1219994992451575809,@WHOEurope
1219994992451575809,@WHOSEARO
1219994992451575809,@WHOWPRO
1219995002270388226,@dandan87397552
1219995016363307008,@RealHKNews
1219995020683399168,@RealHKNews
1219995043756494848,@CDCgov
1219995053696806913,@PhilippineStar
1219995063121580034,@CDCgov
1219995065629569026,@piggythat
1219995075922493440,@Liveuamap
1219995100761055232,@hkumed
1219995110387126273,@catecadell
1219995124794417152,@PhilippineStar
1219995126451384321,@CDCInjury
1219995131945914368,@RobbersonJon
1219995152267333633,@DrJAshton
1219995152267333633,@GMA
1219995158453899271,@CPHOCanada
1219995179043774466,@jeromyu
1219995200057237511,@CDCgov
1219995205321084928,@juliaoftoronto
1219995215286743040,@trumptrain1111
1219995220793753602,@ASavageNation
1219995240741920775,@67chrisn
1219995240741920775,@CDC
1219995240741920775,@67chrisn
1219995240741920775,@CDC
1219995240741920775,@67chrisn
1219995240741920775,@CDC
1219995248560087040,@CDCChronic
1219995258102005761,@DrTedros
1219995258102005761,@pahowho
1219995258102005761,@WHO
1219995258102005761,@WHOAFRO
1219995258102005761,@WHOEMRO
1219995258102005761,@WHOEurope
1219995258102005761,@WHOSEARO
1219995258102005761,@WHOWPRO
1219995270076743680,@PhilippineStar
1219995275714093056,@DrTedros
1219995275714093056,@WHO
1219995291383934977,@statnews
1219995292310933508,@PhilippineStar
1219995294147866624,@nachenachena
1219995294575710208,@soloalam1
1219995326649708545,@2020BlueTexas
1219995330059489280,@ezracheungtoto
1219995330059489280,@StandNewsHK
1219995330059489280,@ezracheungtoto
1219995330059489280,@StandNewsHK
1219995359285563394,@Liveuamap
1219995369108582400,@KrisWu
1219995369108582400,@KrisWu
1219995369108582400,@KrisWu
1219995383402835969,@JustinLessler
1219995383402835969,@nytimes
1219995389622751232,@PhilippineStar
1219995400498753542,@nikkimiumiu
1219995406903328769,@PhilippineStar
1219995409679962113,@PhilippineStar
1219995423684747265,@DrTedros
1219995423684747265,@WHO
1219995436238430209,@gavery10
1219995438331330560,@CDCCancer
1219995440151552003,@DrTedros
1219995440151552003,@pahowho
1219995440151552003,@WHO
1219995440151552003,@WHOAFRO
1219995440151552003,@WHOEMRO
1219995440151552003,@WHOEurope
1219995440151552003,@WHOSEARO
1219995440151552003,@WHOWPRO
1219995464713424896,@ezracheungtoto
1219995481943658496,@jeromyu
1219995493352144897,@ezracheungtoto
1219995501438754817,@DrTedros
1219995501438754817,@pahowho
1219995501438754817,@WHO
1219995501438754817,@WHOAFRO
1219995501438754817,@WHOEMRO
1219995501438754817,@WHOEurope
1219995501438754817,@WHOSEARO
1219995501438754817,@WHOWPRO
1219995515523342337,@MKutney
1219995553024503808,@DrTedros
1219995553024503808,@pahowho
1219995553024503808,@WHO
1219995553024503808,@WHOAFRO
1219995553024503808,@WHOEMRO
1219995553024503808,@WHOEurope
1219995553024503808,@WHOSEARO
1219995553024503808,@WHOWPRO
1219995559999819786,@CDCDirector
1219995560616189952,@PhilippineStar
1219995575921336320,@CDCDirector
1219995583605174272,@PhilippineStar
1219995585249345536,@CNN
1219995588277800960,@MCoteLab
1219995593814265857,@eugenegu
1219995597178052610,@PAHOemergencies
1219995597178052610,@pahowho
1219995600449626112,@juliaoftoronto
1219995603498721280,@JerseyGunner45
1219995622020800512,@PhilippineStar
1219995625238024193,@MarietFeltkamp
1219995631508344832,@SalonTrans
1219995671459192841,@johnjxw
1219995671459192841,@robertsonlab
1219995671459192841,@johnjxw
1219995671459192841,@robertsonlab
1219995671459192841,@johnjxw
1219995671459192841,@robertsonlab
1219995689767309312,@DrTedros
1219995689767309312,@WHO
1219995694171410433,@FluTrackers
1219995694171410433,@HelenBranswell
1219995694171410433,@johnjxw
1219995694171410433,@LaurieGarrett
1219995694171410433,@MackayIM
1219995694171410433,@robertsonlab
1219995722302607362,@CDCFlu
1219995739620696065,@niccijsmith
1219995745903878144,@DrTedros
1219995745903878144,@pahowho
1219995745903878144,@WHO
1219995745903878144,@WHOAFRO
1219995745903878144,@WHOEMRO
1219995745903878144,@WHOEurope
1219995745903878144,@WHOSEARO
1219995745903878144,@WHOWPRO
1219995762878308353,@FluTrackers
1219995762878308353,@HelenBranswell
1219995762878308353,@johnjxw
1219995762878308353,@LaurieGarrett
1219995762878308353,@MackayIM
1219995762878308353,@robertsonlab
1219995770889428995,@RedHoss44
1219995775394045956,@DrTedros
1219995775394045956,@WHO
1219995783665197056,@ABC
1219995793563635713,@RealHKNews
1219995793723097090,@usatoday
1219995804410183680,@MackayIM
1219995804645167106,@FluTrackers
1219995804645167106,@HelenBranswell
1219995804645167106,@johnjxw
1219995804645167106,@LaurieGarrett
1219995804645167106,@MackayIM
1219995804645167106,@robertsonlab
1219995809896443904,@DrTedros
1219995809896443904,@pahowho
1219995809896443904,@WHO
1219995809896443904,@WHOAFRO
1219995809896443904,@WHOEMRO
1219995809896443904,@WHOEurope
1219995809896443904,@WHOSEARO
1219995809896443904,@WHOWPRO
1219995820839227394,@jeromyu
1219995834118393867,@ezracheungtoto
1219995835728969728,@HawleyMO
1219995835728969728,@marcorubio
1219995835728969728,@SolomonYue
1219995835728969728,@HawleyMO
1219995835728969728,@marcorubio
1219995835728969728,@SolomonYue
1219995835728969728,@HawleyMO
1219995835728969728,@marcorubio
1219995835728969728,@SolomonYue
1219995835728969728,@HawleyMO
1219995835728969728,@marcorubio
1219995835728969728,@SolomonYue
1219995835728969728,@HawleyMO
1219995835728969728,@marcorubio
1219995835728969728,@SolomonYue
1219995835728969728,@HawleyMO
1219995835728969728,@marcorubio
1219995835728969728,@SolomonYue
1219995835728969728,@HawleyMO
1219995835728969728,@marcorubio
1219995835728969728,@SolomonYue
1219995843715043329,@HighWireTalk
1219995847137558531,@catecadell
1219995859665833984,@ezracheungtoto
1219995863789031426,@FluTrackers
1219995863789031426,@HelenBranswell
1219995863789031426,@johnjxw
1219995863789031426,@LaurieGarrett
1219995863789031426,@MackayIM
1219995863789031426,@robertsonlab
1219995899172204547,@tamraraven
1219995899172204547,@tamraraven
1219995899172204547,@tamraraven
1219995899172204547,@tamraraven
1219995901692768256,@RealHKNews
1219995940007837697,@FluTrackers
1219995941677228034,@DrTomFrieden
1219995941677228034,@juliaoftoronto
1219995946219704325,@DrTedros
1219995946219704325,@WHO
1219995953366614016,@alphacentauriii
1219995953366614016,@alphacentauriii
1219995953366614016,@alphacentauriii
1219995953366614016,@alphacentauriii
1219995953366614016,@alphacentauriii
1219995953366614016,@alphacentauriii
1219995953366614016,@alphacentauriii
1219995953366614016,@alphacentauriii
1219995955199496192,@DrTedros
1219995955199496192,@WHO
1219995962283659264,@juliaoftoronto
1219995983091662848,@PhilippineStar
1219995992327704577,@AnneKPIX
1219995992327704577,@CDC
1219995995859189761,@johnjxw
1219995995859189761,@nicolamlow
1219995995859189761,@threadreaderapp
1219995995859189761,@johnjxw
1219995995859189761,@nicolamlow
1219995995859189761,@threadreaderapp
1219996001139744768,@alexandraphelan
1219996001139744768,@alexandraphelan
1219996001139744768,@alexandraphelan
1219996003333365760,@CDCCancer
1219996005204156417,@Channel4News
1219996005204156417,@darshnasoni
1219996017774350336,@WilliamYang120
1219996018323939333,@MCoteLab
1219996018323939333,@SuriSpurs
1219996018323939333,@uOttawaBMI
1219996018323939333,@uOttawaMed
1219996019804573697,@DamianS1976
1219996019804573697,@Faypumping
1219996019804573697,@iowajosh
1219996019804573697,@KulikovUNIATF
1219996021146771457,@juliaoftoronto
1219996039819612160,@JenniferHYChan
1219996039819612160,@JenniferHYChan
1219996039819612160,@JenniferHYChan
1219996039819612160,@JenniferHYChan
1219996041426001928,@CDCFlu
1219996043447697410,@tpwky
1219996046383894528,@GovMurphy
1219996046383894528,@YouTube
1219996078407327746,@CDCHIVAIDS
1219996121772253192,@PeoplesDailyapp
1219996123487588352,@SalonTrans
1219996128621539328,@CDCgov
1219996136855023617,@SkyNewsBreak
1219996144341864455,@KyleFeldscher
1219996148988964865,@ajplus
1219996162230374400,@juliaoftoronto
1219996167997542400,@WilliamYang120
1219996168257601536,@ezracheungtoto
1219996168257601536,@StandNewsHK
1219996168257601536,@ezracheungtoto
1219996168257601536,@StandNewsHK
1219996172829503488,@DrTedros
1219996172829503488,@WHO
1219996187152879616,@FluTrackers
1219996187152879616,@HelenBranswell
1219996187152879616,@johnjxw
1219996187152879616,@LaurieGarrett
1219996187152879616,@MackayIM
1219996187152879616,@robertsonlab
1219996197470867456,@johnjxw
1219996197470867456,@robertsonlab
1219996197470867456,@johnjxw
1219996197470867456,@robertsonlab
1219996197470867456,@johnjxw
1219996197470867456,@robertsonlab
1219996205108748288,@IndoPacInfo
1219996205108748288,@IndoPacInfo
1219996225828605954,@zerohedge
1219996225828605954,@zerohedge
1219996232115900416,@Vaccinologist
1219996232115900416,@Vaccinologist
1219996240353669124,@nytimes
1219996243612532736,@EuroRespSoc
1219996256879161346,@FluTrackers
1219996256879161346,@juliaoftoronto
1219996256879161346,@voxdotcom
1219996264189833216,@FluTrackers
1219996295592435712,@CDCChronic
1219996298792833025,@sendpacking
1219996311879135233,@Acosta
1219996352408694784,@KyleFeldscher
1219996363548692481,@AmeshAA
1219996371954040832,@juliaoftoronto
1219996372490838017,@DrTedros
1219996372490838017,@WHO
1219996378652467200,@onlyyoontv
1219996415264321537,@CDCFlu
1219996415264321537,@CDCFlu
1219996432716857344,@JenniferHYChan
1219996432716857344,@JenniferHYChan
1219996432716857344,@JenniferHYChan
1219996432716857344,@JenniferHYChan
1219996449733132291,@JenniferHYChan
1219996449733132291,@JenniferHYChan
1219996456263782400,@KyleFeldscher
1219996457077362689,@Maliboggayporn
1219996457077362689,@Maliboggayporn
1219996457077362689,@Maliboggayporn
1219996457077362689,@Maliboggayporn
1219996457077362689,@Maliboggayporn
1219996460617543680,@AmeshAA
1219996472218812418,@JerseyGunner45
1219996481114996737,@JenniferMarguli
1219996504078700544,@PhilippineStar
1219996514019201025,@americangrace
1219996514019201025,@CarrieDDahl
1219996514019201025,@ChrisLoesch
1219996514019201025,@flybabymoni
1219996514019201025,@IchBinDurstig
1219996514019201025,@JohnFugelsang
1219996514019201025,@libby4adime
1219996514019201025,@NatetheGrate17
1219996514019201025,@Ummmmichelle
1219996514019201025,@WombatSocho
1219996514094854145,@juliaoftoronto
1219996520382070784,@MassDPH
1219996531065004044,@StarMistriel
1219996543740260353,@CDCFlu
1219996543740260353,@CDCFlu
1219996548982927361,@PhilippineStar
1219996552921522176,@Liveuamap
1219996564464263168,@ScyllaDB
1219996597234225159,@mattk7
1219996612023463937,@DetHealth
1219996623968718850,@Kaalateetham
1219996641840848896,@CDCgov
1219996646898991109,@chigrl
1219996658697674754,@OzkokA
1219996673134465024,@statnews
1219996695754395650,@DrMerminCDC
1219996695754395650,@ThirdCoastCFAR
1219996695754395650,@unccfar
1219996696098361346,@DrTedros
1219996696098361346,@WHO
1219996696308002816,@voxdotcom
1219996700464467974,@mredshirtshaw
1219996711260696578,@WHO
1219996719863062530,@KyleFeldscher
1219996722824404992,@DrTedros
1219996722824404992,@WHO
1219996724011393025,@Liveuamap
1219996724208394240,@thenewslensintl
1219996724208394240,@thenewslensintl
1219996726607536129,@CDCgov
1219996726607536129,@CDCgov
1219996729535320066,@ACSHorg
1219996778596110337,@DrTedros
1219996778596110337,@pahowho
1219996778596110337,@WHO
1219996778596110337,@WHOAFRO
1219996778596110337,@WHOEMRO
1219996778596110337,@WHOEurope
1219996778596110337,@WHOSEARO
1219996778596110337,@WHOWPRO
1219996795066933249,@DrTedros
1219996795066933249,@WHO
1219996804789493761,@juliaoftoronto
1219996823823298561,@onlyyoontv
1219996833566642181,@CJfreethinkr
1219996833566642181,@CJfreethinkr
1219996838012473344,@AnneKPIX
1219996838012473344,@CDC
1219996841414221829,@cDcPulpit
1219996861676711936,@ABC
1219996867582234624,@PhilippineStar
1219996868685508608,@SHEAEpi
1219996868685508608,@ValerieDelo
1219996871881449472,@JenniferHYChan
1219996871881449472,@JenniferHYChan
1219996871881449472,@JenniferHYChan
1219996871881449472,@JenniferHYChan
1219996880521682946,@ezracheungtoto
1219996880660242433,@drkellyhenning
1219996880660242433,@GovMurphy
1219996882786758661,@JenniferHYChan
1219996882786758661,@JenniferHYChan
1219996882786758661,@JenniferHYChan
1219996882786758661,@JenniferHYChan
1219996885286453250,@DrTedros
1219996885286453250,@pahowho
1219996885286453250,@WHO
1219996885286453250,@WHOAFRO
1219996885286453250,@WHOEMRO
1219996885286453250,@WHOEurope
1219996885286453250,@WHOSEARO
1219996885286453250,@WHOWPRO
1219996889048928256,@CDCgov
1219996889048928256,@EPA
1219996889048928256,@ncdhhs
1219996889048928256,@tal7291
1219996889048928256,@UMaine
1219996929574109185,@PhilippineStar
1219996932740976641,@DoctorDoubleTap
1219996955155128321,@JenniferHYChan
1219996955155128321,@JenniferHYChan
1219996955155128321,@JenniferHYChan
1219996955155128321,@JenniferHYChan
1219996956333727744,@nachenachena
1219996981541490688,@PhilippineStar
1219996987791237120,@KyleFeldscher
1219996990689267713,@ezracheungtoto
1219996990941077504,@CGTNOfficial
1219996995798163462,@CJfreethinkr
1219997003167326208,@truthsetusfreee
1219997008406044673,@barlowrenae
1219997021592965120,@PhilippineStar
1219997022603792384,@Dystopia992
1219997022603792384,@Dystopia992
1219997022603792384,@Dystopia992
1219997025288192002,@hemofelo
1219997025539743749,@JenniferHYChan
1219997025539743749,@JenniferHYChan
1219997025539743749,@JenniferHYChan
1219997025539743749,@JenniferHYChan
1219997033865662465,@onlyyoontv
1219997073740914688,@KyleFeldscher
1219997078878736384,@PhilippineStar
1219997095894994944,@PhilippineStar
1219997113704206336,@KessenaO
1219997120091918336,@RealHKNews
1219997121883136006,@KyleFeldscher
1219997131672641536,@KyleFeldscher
1219997133438406657,@trumptrain1111
1219997134302457856,@DrJAshton
1219997134302457856,@GMA
1219997147162128385,@akbarnasirkhan
1219997147938066434,@CDCGlobal
1219997166074310657,@onlyyoontv
1219997167726645249,@jessicadavis
1219997194905718786,@WSJ
1219997197216837632,@PhilippineStar
1219997216464670721,@AJEnglish
1219997225293508609,@ezracheungtoto
1219997225293508609,@StandNewsHK
1219997225293508609,@ezracheungtoto
1219997225293508609,@StandNewsHK
1219997231010516992,@ajc
1219997235997483012,@CDCHIVAIDS
1219997236601540610,@KyleFeldscher
1219997236899172353,@alilyinvalley
1219997236899172353,@alilyinvalley
1219997236899172353,@alilyinvalley
1219997239310983175,@CDCFlu
1219997239310983175,@CDCFlu
1219997248290983938,@CDCInjury
1219997259435249665,@ABC
1219997268578906117,@KyleFeldscher
1219997269392445441,@MackayIM
1219997272210956288,@ezracheungtoto
1219997272210956288,@StandNewsHK
1219997272210956288,@ezracheungtoto
1219997272210956288,@StandNewsHK
1219997276422201345,@BhittaniKhannnn
1219997276766117888,@trvrb
1219997278489829377,@ezracheungtoto
1219997278489829377,@StandNewsHK
1219997278489829377,@ezracheungtoto
1219997278489829377,@StandNewsHK
1219997279765114885,@FluTrackers
1219997282550067200,@WilliamCardin9
1219997287595892736,@SunKaiyuan
1219997297309822976,@hkumed
1219997315659943936,@KyleFeldscher
1219997325449252870,@PhilippineStar
1219997334731403264,@talialikeitis
1219997350485221376,@JenniferHYChan
1219997350485221376,@JenniferHYChan
1219997354528575489,@Aloha88617098
1219997354528575489,@XinqiSu
1219997362669727744,@onlyyoontv
1219997383037112320,@DrTedros
1219997383037112320,@pahowho
1219997383037112320,@WHO
1219997383037112320,@WHOAFRO
1219997383037112320,@WHOEMRO
1219997383037112320,@WHOEurope
1219997383037112320,@WHOSEARO
1219997383037112320,@WHOWPRO
1219997384098234368,@MoHFWINDIA
1219997384098234368,@MoHFWINDIA
1219997384098234368,@MoHFWINDIA
1219997384098234368,@MoHFWINDIA
1219997384098234368,@MoHFWINDIA
1219997384098234368,@MoHFWINDIA
1219997384098234368,@MoHFWINDIA
1219997384098234368,@MoHFWINDIA
1219997384098234368,@MoHFWINDIA
1219997384098234368,@MoHFWINDIA
1219997384098234368,@MoHFWINDIA
1219997384098234368,@MoHFWINDIA
1219997384098234368,@MoHFWINDIA
1219997384098234368,@MoHFWINDIA
1219997412430729216,@pantatcotta
1219997422346219520,@cdc
1219997422346219520,@KikiProietti
1219997436896215041,@onlyyoontv
1219997437416353797,@MCoteLab
1219997437416353797,@SuriSpurs
1219997437416353797,@uOttawaBMI
1219997437416353797,@uOttawaMed
1219997443091099650,@CDCFlu
1219997443091099650,@CDCFlu
1219997450062245890,@MassDPH
1219997457309782016,@voxdotcom
1219997467242061824,@SophiaPhilo5
1219997467472584705,@Bucks
1219997467472584705,@NBA
1219997467472584705,@NBATV
1219997484786888705,@RebeccaMaltsev
1219997484786888705,@umkcIM
1219997484786888705,@UMKCMedicine
1219997502545354758,@JenniferHYChan
1219997502545354758,@JenniferHYChan
1219997502545354758,@JenniferHYChan
1219997502545354758,@JenniferHYChan
1219997503849816064,@PhilippineStar
1219997531045711873,@CDCGlobal
1219997538125631491,@KyleFeldscher
1219997538771767296,@Liveuamap
1219997565191696385,@KyleFeldscher
1219997599798788096,@trtworld
1219997609890385920,@onlyyoontv
1219997618039734272,@PhilippineStar
1219997618387943427,@KyleFeldscher
1219997664449835009,@voxdotcom
1219997667155116033,@CDCCancer
1219997673597603846,@billiamthies
1219997674268692481,@nytimes
1219997674742714373,@BFrownfelterND
1219997674742714373,@PJMoore1958
1219997674742714373,@POTUS
1219997674742714373,@realDonaldTrump
1219997688009089024,@StephenMcDonell
1219997688009089024,@StephenMcDonell
1219997692295884802,@ChaunceyGardner
1219997696804524032,@statnews
1219997725564919813,@RealHKNews
1219997734167408641,@SalonTrans
1219997755420172289,@KyleFeldscher
1219997770037321728,@ashtroid22
1219997770037321728,@LaurieGarrett
1219997770037321728,@maiamajumder
1219997796754849792,@piggythat
1219997806032756736,@DrTedros
1219997806032756736,@pahowho
1219997806032756736,@WHO
1219997806032756736,@WHOAFRO
1219997806032756736,@WHOEMRO
1219997806032756736,@WHOEurope
1219997806032756736,@WHOSEARO
1219997806032756736,@WHOWPRO
1219997819756535808,@WHO
1219997819756535808,@WHO
1219997819756535808,@WHO
1219997826366812160,@Breaking911
1219997826366812160,@TheWrathOfKEK
1219997826366812160,@TruckerWifeLife
1219997855357816833,@KyleFeldscher
1219997856523833346,@potatop98673999
1219997860965552128,@WHO
1219997860965552128,@WHO
1219997888299794432,@KyleFeldscher
1219997892343001090,@HawleyMO
1219997892343001090,@marcorubio
1219997892343001090,@SolomonYue
1219997892343001090,@HawleyMO
1219997892343001090,@marcorubio
1219997892343001090,@SolomonYue
1219997892343001090,@HawleyMO
1219997892343001090,@marcorubio
1219997892343001090,@SolomonYue
1219997901318787079,@onlyyoontv
1219997909950849024,@WHO
1219997915332120576,@WHO
1219997933988466688,@DrKhabbazCDC
1219997944566427648,@PSampathkumarMD
1219998006986051584,@ajc
1219998008055672836,@Polishmama5
1219998013218672640,@RealHKNews
1219998013919240192,@eDocAmerica
1219998015806570497,@CDCgov
1219998036899831810,@TravelMole
1219998040158687232,@WHO
1219998051596554241,@KyleFeldscher
1219998063164579840,@JenniferMarguli
1219998067044298759,@MKutney
1219998084509437952,@arambaut
1219998084509437952,@JustinLessler
1219998084509437952,@nytimes
1219998084509437952,@SRileyIDD
1219998084509437952,@trvrb
1219998084509437952,@arambaut
1219998084509437952,@JustinLessler
1219998084509437952,@nytimes
1219998084509437952,@SRileyIDD
1219998084509437952,@trvrb
1219998084509437952,@arambaut
1219998084509437952,@JustinLessler
1219998084509437952,@nytimes
1219998084509437952,@SRileyIDD
1219998084509437952,@trvrb
1219998084509437952,@arambaut
1219998084509437952,@JustinLessler
1219998084509437952,@nytimes
1219998084509437952,@SRileyIDD
1219998084509437952,@trvrb
1219998095049621505,@WHO
1219998095791886336,@RealHKNews
1219998114918141957,@WHO
1219998128809500673,@WHO
1219998148321587200,@RealHKNews
