Tweet_ID,Sentiment_Label,Probability_pos
1231580585564540930,negative,0.0007804812250617623
1231580587909156864,negative,0.26293906474264794
1231580589721079808,negative,0.013234404097497893
1231580595106566145,neutral,0.57723208060306
1231580597799309314,negative,0.18845953977430083
1231580598055116802,negative,0.02311278208651504
1231580598482939905,negative,0.02793265430678253
1231580599485444097,negative,0.3199008891559593
1231580601188257792,negative,0.00965597522664828
1231580602215936001,negative,0.30404141304440246
1231580604333821953,negative,0.007824998154772543
1231580605151895553,negative,0.05958604719454089
1231580606032531458,negative,0.007824998154772543
1231580606204645377,negative,0.038237862804343
1231580607873839104,neutral,0.5410702560054874
1231580721975844864,positive,0.888631327866222
1231580722629992450,negative,0.23396337001872303
1231580722735058944,negative,0.2274849207071609
1231580724697845761,negative,0.32187253887237915
1231580725385756672,negative,0.05171974377683239
1231580725469761537,neutral,0.6295967474796783
1231580727537479681,positive,0.877936140843413
1231580729844387840,negative,0.011526620272028538
1231580734114103297,neutral,0.34998618194118636
1231580738224607232,negative,0.24283859520395007
1231580738446819329,negative,0.00044925075972667024
1231580739650621440,negative,0.2794541876533714
1231580744599953409,negative,0.27029269556333246
1231580854071234562,negative,0.0064676654144627
1231580864313745409,negative,0.09045569272602717
1231580864825450497,negative,0.308199125160694
1231580866456977415,negative,0.2697965898796189
1231580867048419328,negative,0.021266353744982213
1231580870726815744,negative,0.0024096184210910983
1231580872895270916,negative,0.0007842224093884365
1231580873239212032,negative,0.026838571940981985
1231580875319541761,positive,0.893326481272855
1231580877198675973,negative,0.016629517210848422
1231580986493800453,negative,0.308199125160694
1231580986619510784,negative,0.17653189180331957
1231580988179959808,positive,0.6968292144621865
1231580991677960192,negative,0.04995600921299333
1231580992831459329,negative,0.023764563671162413
1231580993028575233,negative,0.0004077165487278415
1231580993506758657,negative,0.17029197409092844
1231580994135826432,positive,0.9249358240847536
1231580997633921024,negative,0.0002371476721425041
1231580997692641280,neutral,0.5734576952979002
1231580998917337088,positive,0.6968292144621865
1231580998925799424,negative,0.10168002112140596
1231581001450770437,negative,0.10597035466660212
1231581002541043712,negative,0.00922914356340988
1231581005078814722,negative,0.05958604719454089
1231581007754780672,negative,0.09908416280319443
1231581009424109568,positive,0.9624992965739249
1231581013349982208,negative,0.016629517210848422
1231581120124334080,negative,0.0015016193041173225
1231581120766062597,negative,7.077463785307499e-07
1231581123525926914,negative,0.12030639422213509
1231581128429010944,negative,0.0007842224093884365
1231581134082977792,negative,0.000123251525831991
1231581135433555969,negative,0.1580309493277771
1231581135853039618,negative,0.07972537708989902
1231581135865614342,neutral,0.4507454498615163
1231581136733822976,positive,0.9816831834668691
1231581137421717504,positive,0.7017439218304391
1231581141850841089,neutral,0.36408820926662216
1231581143922814976,negative,0.042441313168639805
1231581252656017413,negative,0.308199125160694
1231581254203707394,negative,0.04348878749483573
1231581257232003072,negative,0.308199125160694
1231581265901576192,negative,0.00922914356340988
1231581268971794433,negative,0.22383214724571712
1231581270825742337,negative,0.09908416280319443
1231581272289484801,negative,0.0010700586017060687
1231581272595718146,negative,4.590855556124253e-06
1231581278828421120,negative,0.07972537708989902
1231581278857842688,negative,0.00015591645187819906
1231581279361040385,negative,0.07670375622257604
1231581391676149760,negative,0.00922914356340988
1231581393840418824,negative,0.005821270184377822
1231581394972954625,negative,0.023808339874592507
1231581395186642944,negative,0.007145983752275092
1231581395664896005,negative,0.067912329037352
1231581396793266176,negative,8.100885112130445e-07
1231581398781321217,negative,0.0003795412164069652
1231581403550232577,neutral,0.4371678023564083
1231581407291547650,positive,0.9126281164114591
1231581410244386816,negative,0.11846214990193427
1231581412014338049,negative,2.4575395280692958e-06
1231581415298306050,neutral,0.36408820926662216
1231581415906725888,neutral,0.3622982400690353
1231581525931646977,neutral,0.5734576952979002
1231581525986152448,negative,0.15183729540914842
1231581527538044930,negative,2.3535927731453644e-08
1231581527689039873,negative,0.0007842224093884365
1231581527823278082,negative,0.09908416280319443
1231581530692243456,negative,0.000123251525831991
1231581533846327296,negative,0.0007804812250617623
1231581538535591937,negative,0.00922914356340988
1231581538938245120,negative,0.0020040926392437927
1231581543325409283,negative,0.03207444806973338
1231581543748993024,negative,0.0004316954186521195
1231581544671739910,negative,0.308199125160694
1231581545359642624,negative,0.016723644641292404
1231581546789863424,negative,0.015128780157095243
1231581549604343810,negative,0.028155347181939468
1231581551185596416,negative,0.020699265164080816
1231581663211204609,negative,0.001363634370838593
1231581663500677120,negative,0.22383214724571712
1231581665266454530,negative,0.09908416280319443
1231581666231169024,negative,0.1568134984602689
1231581667506212865,negative,0.028155347181939468
1231581671625043976,negative,0.0046127959540174165
1231581671763218432,positive,0.7984507279109967
1231581672623222784,negative,0.007711104819130618
1231581673248215042,negative,0.014321648869421723
1231581676196814848,negative,0.002218722087965167
1231581677945786371,negative,0.00922914356340988
1231581678642044930,negative,7.736675612338063e-11
1231581680709836800,negative,0.2274568556372144
1231581681666134016,negative,0.0350476909578798
1231581681867481088,negative,0.10597035466660212
1231581682576302080,negative,0.000123251525831991
1231581683276750849,negative,0.0019394438858442455
1231581684186914816,negative,0.13734774202803515
1231581685671776257,neutral,0.3688120122074838
1231581685982081024,negative,0.0054235717325038
1231581686804205568,negative,0.1320450777612338
1231584378658213889,negative,0.06855705598010592
1231584379106820097,neutral,0.6075837521348221
1231584381833269248,negative,0.12643340364600425
1231584382315573251,negative,0.028155347181939468
1231584384538464256,negative,0.012327885691872157
1231584386576977924,negative,0.11812710519495125
1231584387101265926,negative,1.0654785230153472e-05
1231584389164744704,negative,0.20298673918608806
1231584391341715456,positive,0.9999930909418074
1231584394025914369,negative,0.07972537708989902
1231584394256584704,negative,9.469666782666463e-05
1231584394848149505,negative,0.21744936479352264
1231584397872201728,negative,0.12573566671928604
1231584509545656320,neutral,0.4139255663175572
1231584510644350976,negative,0.04956321386236046
1231584513102426114,negative,0.21744936479352264
1231584514524225536,negative,0.08503445806399514
1231584514742390784,negative,0.08503445806399514
1231584518353686528,negative,3.7538277522975406e-07
1231584518966042624,negative,0.04956321386236046
1231584519859449857,negative,0.02526730013277712
1231584520371089410,negative,0.001633105511869426
1231584523839823874,negative,0.26293906474264794
1231584523923709952,negative,0.04956321386236046
1231584525991452673,negative,0.0007890339293016635
1231584528382210053,neutral,0.6075837521348221
1231584530802167809,negative,5.011543304951562e-09
1231584531037278208,negative,0.007676685760021952
1231584531116961795,negative,0.02526730013277712
1231584533734207489,negative,0.0031064746191358456
1231584645621305344,negative,0.0007842224093884365
1231584647236243458,negative,0.04956321386236046
1231584648435838977,negative,0.0049491694026640685
1231584652038754304,neutral,0.6075837521348221
1231584653540298752,negative,0.14677600982706188
1231584654341353474,negative,0.04956321386236046
1231584654811160576,negative,0.001633105511869426
1231584656065269761,neutral,0.38060813726305004
1231584657600401408,negative,0.008408151173049543
1231584659517198336,positive,0.6968292144621865
1231584660616024064,positive,0.893326481272855
1231584662042095617,negative,0.05976009819149953
1231584662352515077,negative,0.000199117198408114
1231584662398668800,neutral,0.34503847122967224
1231584662818033670,negative,0.12902680391251123
1231584663250067456,negative,0.012327885691872157
1231584666265772032,negative,0.0007842224093884365
1231584666664284160,neutral,0.6075837521348221
1231584668606193665,negative,7.050209900834798e-08
1231584669671575552,negative,0.0392556713303432
1231584670963335173,positive,0.8149393558835208
1231584785337847809,neutral,0.594769577302237
1231584786801709056,positive,0.873284931479569
1231584789842595842,negative,0.04956321386236046
1231584790404571138,negative,0.007824998154772543
1231584791243481090,negative,0.0007196124823822896
1231584792417832960,negative,0.00011651530020715142
1231584792841465857,negative,0.013481080919868531
1231584793885892610,negative,0.26293906474264794
1231584794250743808,negative,0.12291440747954031
1231584795072790528,negative,0.0010819244079886936
1231584797320810496,negative,0.04028254671000842
1231584797883076609,neutral,0.594769577302237
1231584799988617216,negative,0.02793265430678253
1231584800412225538,neutral,0.3688120122074838
1231584800458362882,negative,0.0875581138994242
1231584800949010434,neutral,0.4809903423809854
1231584802995933184,negative,0.011212898623413705
1231584804895936512,negative,0.007764238142905854
1231584805445304323,neutral,0.4527595640812855
1231584805533421568,negative,6.748839441388052e-05
1231584807093702656,negative,0.09954270187678434
1231584807378968582,negative,0.00846861682143034
1231584808867901443,neutral,0.6075837521348221
1231584919136194563,neutral,0.6075837521348221
1231584920474210305,negative,6.750722853215668e-05
1231584922818633728,negative,0.09908416280319443
1231584923082993664,neutral,0.6075837521348221
1231584924379074560,negative,0.18216042907968524
1231584926291591168,negative,4.168787632526541e-05
1231584930079092742,negative,0.05848238066688718
1231584930540421120,negative,0.0010774562801900373
1231584930683146240,negative,0.028460345613362317
1231584931933040643,negative,0.30404141304440246
1231584933853958144,negative,0.21744936479352264
1231584934726426624,negative,0.09908416280319443
1231584935380705281,negative,0.0024556729084333363
1231584935808585728,negative,0.019463993877621894
1231584936815210496,negative,0.0007842224093884365
1231584936991346688,negative,0.04956321386236046
1231584939876986880,negative,0.001363634370838593
1231584941022089216,negative,0.02397117099034941
1231584942284591107,negative,0.06922985217456457
1231584942892736515,negative,0.05700993911937807
1231584943672877057,negative,0.003873762058330792
1231585048593346561,negative,0.00022317471935803362
1231585048786276353,negative,0.04956321386236046
1231585049016963073,negative,0.26293906474264794
1231585051265114114,negative,0.05958604719454089
1231585052162744320,negative,0.04956321386236046
1231585056415715329,negative,0.22462135943017006
1231585059615932416,negative,0.0386094458026937
1231585061037723648,negative,0.02552049599486351
1231585063076233218,negative,0.03175115071562716
1231585065211236352,negative,0.057174495709348294
1231585065861308417,negative,0.22959497444016475
1231585066364612608,negative,0.10597035466660212
1231585066683424768,neutral,0.48728019602140255
1231585068247912454,negative,0.05958604719454089
1231585070529548288,negative,0.06669472819636578
1231585071875985408,negative,0.0875581138994242
1231585071892660224,negative,0.04956321386236046
1231585072182177794,negative,0.022457760963595495
1231585073918566400,negative,0.05700993911937807
1231585074040246273,negative,0.15167838592209457
1231585074505584641,negative,0.12643340364600425
1231585076284141568,negative,0.05511246624775862
1231585180273561600,positive,0.8239500668075028
1231585182282584064,negative,0.0875581138994242
1231585189899440129,negative,0.23317246901504457
1231585203119886338,negative,2.9685629731191575e-05
1231585205187743744,negative,0.018512686460689112
1231585205812695042,negative,0.22383214724571712
1231585205946929152,neutral,0.6075837521348221
1231585207532257280,negative,0.07972537708989902
1231585210241896449,negative,0.07972537708989902
1231585319033720832,negative,0.21582395734842919
1231585322712084480,negative,0.04956321386236046
1231585322892439553,negative,0.14868451952011136
1231585324620447745,negative,0.18216042907968524
1231585329129414656,negative,0.09908416280319443
1231585331704717313,negative,0.05976009819149953
1231585334854635520,negative,0.16253731538569083
1231585337387827201,negative,0.07972537708989902
1231585338700812294,negative,0.08294152270925294
1231585339514531840,negative,0.32134030523279217
1231585343566118915,negative,0.04956321386236046
1231585345566892032,negative,0.06628354749348266
1231585461346488320,negative,0.24045550339222083
1231585461388349441,negative,0.008730485197357857
1231585461400997888,negative,0.01536715729131905
1231585462541803520,positive,0.6968292144621865
1231585462860632069,negative,0.04748846990496897
1231585464395714560,negative,0.21744936479352264
1231585464630554627,negative,0.16865753086948113
1231585465674891264,negative,0.06922985217456457
1231585468560572417,negative,0.18216042907968524
1231585470896885763,positive,0.7554762315102094
1231585472222244864,positive,0.888631327866222
1231585473287507968,negative,2.698800934301198e-06
1231585476106244096,negative,0.0017856959039885027
1231585476370403328,negative,0.01567700317651689
1231585477666451458,negative,0.21744936479352264
1231585479042174978,negative,0.16865753086948113
1231585480359235584,negative,0.23396337001872303
1231585482456391680,neutral,0.6063277274443575
1231585482812907521,negative,0.01779117259451381
1231585483555246082,negative,0.0014564219437785853
1231585483681148929,negative,0.0001476072977962856
1231588168333504512,neutral,0.3622982400690353
1231588170589970437,negative,0.0011346709106841422
1231588170753544192,negative,0.007413752179441259
1231588171474964481,negative,0.16214805220626208
1231588177879715841,negative,0.22822019486822223
1231588179553193985,negative,0.02526730013277712
1231588181583118337,negative,0.05958604719454089
1231588181973270528,negative,0.00922914356340988
1231588183063875587,negative,0.08385573031691712
1231588183407833089,negative,0.02181696509579976
1231588183571357696,neutral,0.6087299117256209
1231588185290895362,negative,0.18216042907968524
1231588185769218048,negative,0.00012432653874181046
1231588186570317827,negative,0.10597035466660212
1231588190265511937,negative,0.016629517210848422
1231588195281915904,negative,0.005042408257855356
1231588196015845376,negative,0.015186375295448886
1231588196083011584,negative,0.007050766177927436
1231588306967810048,negative,0.05958604719454089
1231588307743727616,negative,0.04956321386236046
1231588307856916480,negative,0.23871696831429615
1231588307907338241,negative,2.9685629731191575e-05
1231588310541144066,negative,0.0011521828772536188
1231588310809706496,negative,0.0007842224093884365
1231588313145970689,negative,0.0007842224093884365
1231588315159289856,negative,0.04956321386236046
1231588316149141509,negative,0.0007842224093884365
1231588316727971840,negative,0.006642229639242297
1231588318904713217,negative,7.683525930857117e-06
1231588323090665472,negative,0.2377108485214052
1231588323166212102,negative,0.07972537708989902
1231588325217251328,positive,0.9294319608975737
1231588326727090176,negative,0.015186375295448886
1231588329839382529,negative,0.04956321386236046
1231588331135389697,negative,0.000764641016727799
1231588331496013824,negative,9.555286310002183e-07
1231588440103378944,negative,0.11212571103219011
1231588440438968321,negative,0.015186375295448886
1231588442720669697,neutral,0.48968069133966613
1231588443072974848,negative,0.04078819788317508
1231588443530158081,negative,0.00022317471935803362
1231588445723734017,neutral,0.6075837521348221
1231588449393790977,negative,0.016094627826071857
1231588452237484033,negative,0.00031555050464840575
1231588453458042880,negative,0.015186375295448886
1231588456628924416,negative,0.04956321386236046
1231588459044888576,negative,0.002456597995025168
1231588460546469890,negative,0.22861954191474046
1231588464749109249,negative,0.02397117099034941
1231588464933703680,negative,0.018512686460689112
1231588465403400192,neutral,0.43908770630204463
1231588466263089152,negative,0.0401039669148133
1231588466795974656,negative,6.227415482538209e-08
1231588467026677760,negative,0.02526730013277712
1231588575017390080,neutral,0.49789225920557484
1231588576669978626,negative,0.22921057149993043
1231588577332596736,negative,6.6718121310772344e-06
1231588580344115200,negative,0.1431976748590159
1231588584442023936,negative,0.04956321386236046
1231588590406262787,negative,1.449230683455887e-07
1231588590888640513,negative,0.1431976748590159
1231588590964137987,negative,0.02793265430678253
1231588591026999296,negative,0.04078819788317508
1231588592138510336,negative,0.0007842224093884365
1231588593870802951,negative,0.007722291846633437
1231588594713866243,negative,0.018512686460689112
1231588597222068225,negative,0.0008561258793318689
1231588598148931585,negative,0.16865753086948113
1231588601940471808,negative,0.0036557731618907826
1231588602175463424,neutral,0.48728019602140255
1231588714394025988,negative,0.015186375295448886
1231588714566078464,negative,0.015186375295448886
1231588720664600577,negative,0.04956321386236046
1231588720706494465,neutral,0.392770640792859
1231588726716928000,negative,0.12395588150904208
1231588727547473925,negative,0.05925149789773885
1231588733255921666,negative,0.04419124006346777
1231588736292597762,negative,0.04956321386236046
1231588737286574080,negative,0.006063303793885314
1231588843511525378,negative,0.015186375295448886
1231588845113741313,negative,0.003495926434402963
1231588850356621314,negative,6.714443167771054e-07
1231588857184948224,negative,0.16214805220626208
1231588857315020802,negative,0.02712529194285203
1231588858527129607,negative,0.11322393790390509
1231588859957448706,negative,0.1320450777612338
1231588863354851328,negative,0.0001237120757351933
1231588864080273413,positive,0.6968292144621865
1231588865787518976,neutral,0.5294739090442997
1231588865980424195,negative,0.07972537708989902
1231588866173304832,negative,0.031096441585444737
1231588866412421120,negative,0.01784178016912402
1231588870875205635,positive,0.9432035473194865
1231588976621953024,negative,2.698800934301198e-06
1231588977024606209,positive,0.9126281164114591
1231588978433941506,neutral,0.49789225920557484
1231588989909504000,negative,0.04923985715049179
1231588991214014465,negative,0.06100959081237599
1231588992564461569,negative,0.06153932847032442
1231588995135569927,negative,0.19490324314356733
1231588999497703424,negative,0.1431976748590159
1231589001661992960,negative,0.20703647437226066
1231589003050311680,negative,0.016629517210848422
1231589003696201728,negative,0.0028417461749613818
1231589110818770945,negative,0.2825377513733951
1231589112118960128,negative,5.095212076095255e-06
1231589113196875777,negative,0.01753762585402383
1231589114547441669,negative,0.002052132285886493
1231589114580996097,negative,0.018530878702168133
1231589116661420032,negative,0.02080932927087874
1231589117277986817,negative,0.00846861682143034
1231589118687182849,negative,0.1580309493277771
1231589119274430465,negative,0.04603789191901497
1231589121564577795,neutral,0.5630410866502906
1231589121782579201,negative,0.01536715729131905
1231589122432786433,negative,0.07198704791075854
1231589125607784448,negative,0.0007060696119797116
1231589129462349826,neutral,0.5181232317686725
1231589131333120001,negative,0.005042408257855356
1231589135137353728,negative,2.7483881271494034e-05
1231589137226092545,negative,0.04603789191901497
1231589137968488449,negative,0.04956321386236046
1231589249213796352,negative,0.04603789191901497
1231589249452998656,negative,0.015186375295448886
1231589249721552898,negative,0.05700993911937807
1231589251621498885,negative,0.04956321386236046
1231589258244304897,negative,0.028460345613362317
1231589258500202496,negative,0.013481080919868531
1231589258873450496,negative,0.00031555050464840575
1231589260077281280,negative,0.013501590192137949
1231589260710547462,negative,0.004076191747050097
1231589260865744899,negative,0.00031555050464840575
1231589261671116800,negative,6.665003948148317e-07
1231589268503568389,neutral,0.47793133210741384
1231589270839754752,negative,0.2058037269346689
1231589270973972481,negative,0.015186375295448886
1231589272605597696,negative,0.22383214724571712
1231589273520017408,negative,0.26979621540302645
1231589273817800706,negative,0.008759994835499106
1231591966686797824,negative,0.22383214724571712
1231591969094356994,negative,0.13517124910886952
1231591972097404928,negative,0.15153110903125003
1231591972483166209,negative,0.07579074119709148
1231591973028614154,positive,0.9283025944054729
1231591974597201925,negative,0.00027685654246870187
1231591975129882625,negative,0.002659859423084707
1231591985137569793,negative,6.139201942882718e-07
1231591989365395459,neutral,0.4992764710464809
1231591992829915136,negative,4.579417055777797e-06
1231591993253486593,negative,0.22383214724571712
1231592098530504705,negative,0.18747510484164626
1231592099121967104,negative,0.1993692206199243
1231592105690193920,negative,2.882965820391473e-07
1231592110509477890,negative,0.013481080919868531
1231592113822937090,negative,0.07972537708989902
1231592114057891840,negative,0.18747510484164626
1231592115609710593,negative,4.23180490987015e-10
1231592119816671233,negative,0.04956321386236046
1231592120735195136,negative,0.019463993877621894
1231592123067138048,positive,0.9283025944054729
1231592126032556032,negative,0.001754297476204152
1231592127710289921,negative,0.04956321386236046
1231592242785157120,neutral,0.47697210391394973
1231592243540242432,negative,0.0001994164456210126
1231592244408442880,positive,0.7089088921526204
1231592248439169024,neutral,0.44718859704321334
1231592251261882369,positive,0.9283025944054729
1231592253178744833,negative,0.18747510484164626
1231592253543636992,negative,0.005042408257855356
1231592259734376450,neutral,0.3372959100559912
1231592261340815366,negative,0.001363634370838593
1231592263886819328,negative,0.22383214724571712
1231592265178664960,negative,0.18747510484164626
1231592372028440577,neutral,0.556260325874851
1231592374993870855,positive,0.9283025944054729
1231592375862079488,negative,3.5808719377508293e-07
1231592378634514432,negative,0.04748846990496897
1231592381025341440,negative,0.1493582636216097
1231592382182850563,negative,0.09644710806920821
1231592384007430146,negative,0.0007842224093884365
1231592384925982721,negative,0.004076191747050097
1231592394530983936,neutral,0.556260325874851
1231592397638971392,negative,0.013035759387170128
1231592512109924352,negative,0.00011837736767764969
1231592513926029314,negative,0.18747510484164626
1231592514924224515,negative,0.0015581876015934011
1231592515691843585,negative,0.18747510484164626
1231592516107096064,negative,0.00010878339204884192
1231592517608574977,negative,7.46699424393922e-05
1231592519538003970,negative,2.6699698224210557e-06
1231592521530253315,negative,0.05700993911937807
1231592521731629057,negative,0.06469469970791034
1231592522109128705,negative,0.02526730013277712
1231592523677741056,negative,0.07262896806727646
1231592524021714944,negative,0.04603789191901497
1231592527096094722,negative,0.22383214724571712
1231592527620399104,neutral,0.36692383010335655
1231592529889579009,neutral,0.5932821003979527
1231592531642724353,negative,0.04956321386236046
1231592533731553281,negative,3.394545766698503e-05
1231592534553636866,negative,6.440392524892969e-05
1231592534671069184,neutral,0.5820359446639773
1231592534742315008,negative,0.0001259696261506849
1231592535262404609,negative,0.05700993911937807
1231592535467941888,negative,0.008680780620717435
1231592535975432192,negative,0.020715679185747984
1231592649792069633,negative,0.012277675446073614
1231592650257596417,negative,0.00031555050464840575
1231592651662585856,neutral,0.34503847122967224
1231592651952132098,negative,0.10153523680383549
1231592654296711170,negative,0.0008561258793318689
1231592654481371139,negative,0.04923985715049179
1231592656670687233,negative,0.31732489718339985
1231592657920708609,negative,0.04283280961737823
1231592658176483329,negative,0.006577765801732733
1231592661573869568,negative,0.0401039669148133
1231592662035243009,negative,0.31732489718339985
1231592663499055106,negative,0.01408972867841764
1231592663838789633,negative,0.0023659256279925612
1231592666191847429,negative,0.04516626707950898
1231592666250563584,negative,0.0010127968128601649
1231592667894734848,negative,0.0001259696261506849
1231592668121194496,negative,0.011558091274856507
1231592669299826688,negative,0.04956321386236046
1231592669513736197,negative,0.03378070797743018
1231592780864118785,negative,0.26293906474264794
1231592785012314112,neutral,0.3996580091506196
1231592785029083141,neutral,0.46127768308170247
1231592786383822848,negative,0.25028579852116706
1231592786908057601,negative,0.07995697922252895
1231592788489314304,positive,0.8096082823905553
1231592790238228481,negative,0.18747510484164626
1231592793019121664,neutral,0.5241648372850185
1231592793363173377,positive,0.9283025944054729
1231592794730516480,negative,0.0024556729084333363
1231592796286414851,negative,0.00025298556797675293
1231592796726943744,neutral,0.40942972155262386
1231592797884555269,negative,0.04516626707950898
1231592799214026752,negative,0.0007386022433729794
1231592800698933250,negative,0.001234646229401965
1231592801223299074,negative,0.0005133623566000935
1231592803190353920,negative,1.481396122272056e-07
1231592805937664001,negative,0.02450699455335882
1231592807367925760,negative,0.0007031299954579479
1231592916293951489,negative,0.13098565619146943
1231592918340841473,positive,0.9394141192688863
1231592919750017024,negative,0.04956321386236046
1231592920010104834,negative,0.08146348667866318
1231592922258210816,negative,0.15153110903125003
1231592924992987138,negative,0.0007804812250617623
1231592926381211649,positive,0.8611751914984445
1231592927719280641,negative,0.19673717630921975
1231592930508406784,negative,0.0007842224093884365
1231592935550005254,negative,8.428766475749586e-09
1231592935931699201,negative,0.018530878702168133
1231592937009688576,negative,0.18747510484164626
1231592941820489729,positive,0.7017439218304391
1231592942827114497,negative,0.19556088105976654
1231592943422726145,negative,0.04603789191901497
1231593047395360768,negative,5.134414205262585e-14
1231593049605779457,negative,0.09644710806920821
1231593055557386240,negative,0.0875581138994242
1231593060062068736,negative,0.12643340364600425
1231593060603133954,negative,0.02450699455335882
1231593060787724288,neutral,0.3711902194487296
1231593060808712193,negative,6.536954636673613e-05
1231593061312090113,positive,0.9283025944054729
1231593063476318215,positive,0.9968181877788356
1231593064264806401,negative,0.05700993911937807
1231593066181677056,negative,0.2656205677050011
1231593068178165762,negative,0.03007325686383445
1231593068299681792,neutral,0.37388635137340637
1231593070027780096,negative,0.027404642705648092
1231580529310363649,negative,0.05958604719454089
1231580532305285120,negative,7.077463785307499e-07
1231580548273000450,negative,0.0033165219417437093
1231580549698985984,negative,0.018512686460689112
1231580560604172293,negative,0.05958604719454089
1231580560939782149,positive,0.9568510295399061
1231580563137613834,negative,0.0007842224093884365
1231580575988961280,negative,5.127230941668831e-05
1231580588659953665,negative,0.03413044543068749
1231580591998545922,negative,0.001719861136158772
1231580650412675074,negative,0.003635014434538272
1231580652115562496,negative,7.077463785307499e-07
1231580673015713792,negative,0.0004183057299841911
1231580680720715777,negative,0.0007842224093884365
1231580732633616385,negative,2.4505663190868965e-05
1231580733560541184,negative,0.11844076041060517
1231580736496553986,negative,0.0002424580036163535
1231580744574697476,negative,0.00042491380461191433
1231580749452759042,negative,0.006546913429292635
1231580806679756800,negative,2.67593868722536e-11
1231580824320929792,negative,0.05958604719454089
1231580824404930560,negative,0.08513762565812823
1231580835113000961,negative,0.0007842224093884365
1231580838007099392,positive,0.9249358240847536
1231580839684780032,negative,0.028094799317405113
1231580948686393345,negative,1.0235746602204406e-10
1231580956705751047,negative,7.077463785307499e-07
1231580983725613059,negative,0.0007842224093884365
1231580984191135746,negative,0.0007842224093884365
1231580993540194306,negative,1.5321938584289308e-07
1231581007146450949,negative,0.009372148467824559
1231581064038158337,positive,0.9346226209742828
1231581070849695744,negative,0.018512686460689112
1231581076004524032,negative,0.0009751213114598097
1231581077216600065,negative,0.021107241898860058
1231581079657734144,negative,0.0058190403481587745
1231581080500785153,negative,0.0002117144244162909
1231581086825811968,negative,1.139360043332609e-06
1231581091414364160,negative,0.0009751213114598097
1231581094937493505,negative,0.0033165219417437093
1231581098561409025,negative,0.0007842224093884365
1231581106803216384,negative,0.08513762565812823
1231581108803952641,negative,0.018370284234713114
1231581116789936128,negative,0.00022317471935803362
1231581118702456839,negative,0.0007842224093884365
1231581196422914049,negative,0.00011761344673213254
1231581204648013825,negative,0.0013818212119365045
1231581208791965696,negative,3.3079723809284284e-05
1231581221232291843,negative,0.006045759620783961
1231581224394575872,negative,0.00408504762049945
1231581228182188033,negative,0.0007842224093884365
1231581244833427456,negative,5.248506436731374e-11
1231581263615664129,negative,7.168121830830397e-08
1231581277825970181,negative,0.066517735943801
1231581282880180224,negative,0.08513762565812823
1231581345995993091,negative,0.021107241898860058
1231581346079936512,negative,0.0007842224093884365
1231581348940386304,negative,5.844365497697207e-07
1231581349259218945,negative,0.0007842224093884365
1231581379705671683,negative,7.077463785307499e-07
1231581380955582464,negative,1.1728997844239037e-06
1231581386047393793,negative,0.0029180996378827357
1231581396357046272,negative,0.0013818212119365045
1231581403067961344,negative,0.0002424580036163535
1231581405114748928,negative,0.0002424580036163535
1231581415508258821,negative,0.0013818212119365045
1231581419731869697,negative,0.0004183057299841911
1231581467265970177,negative,1.0235746602204406e-10
1231581472122900480,negative,2.0024998865742597e-05
1231581474068942849,negative,0.021107241898860058
1231581475029626882,negative,1.0235746602204406e-10
1231581483938275329,negative,0.0019442883186688816
1231581498010107904,positive,0.9877660509052896
1231581502716227585,negative,0.05958604719454089
1231581503882170368,negative,0.018512686460689112
1231581506440744960,negative,0.0002175062038920622
1231581509385150465,negative,8.379313281322693e-07
1231581522685300736,negative,0.0007842224093884365
1231581525000454145,negative,0.0007842224093884365
1231581534077018113,negative,1.662276242761481e-07
1231581538187390977,negative,1.752296016840624e-07
1231581548836638720,negative,0.08513762565812823
1231581556394905600,negative,0.05958604719454089
1231581628637511680,negative,0.05958604719454089
1231581631913353216,negative,0.0046127959540174165
1231581634048163840,negative,0.0007842224093884365
1231581640083869696,negative,0.00028687981621633007
1231581650150207488,negative,0.0007842224093884365
1231581652499025920,negative,0.0002424580036163535
1231584329349976064,negative,1.0235746602204406e-10
1231584329421246464,negative,6.385107715547864e-06
1231584331425955842,negative,0.006546913429292635
1231584336203395072,negative,0.002686122808185185
1231584336899538944,negative,0.00018646609539446038
1231584338212462593,negative,8.597999384340136e-09
1231584343912583168,negative,0.04923985715049179
1231584346110337024,negative,0.05958604719454089
1231584351873327104,negative,0.1305168349437187
1231584361876729856,negative,0.001354403587429865
1231584369736851459,negative,0.24283859520395007
1231584375436959747,negative,4.167288795625525e-09
1231584376179347458,negative,0.0018572852943979463
1231584379803258883,negative,1.5347048948428948e-06
1231584383993249792,negative,0.23399210240864396
1231584396010041345,positive,0.9973373959413987
1231584470584766467,negative,0.015085777925241196
1231584483075330048,negative,0.0007842224093884365
1231584488733446145,negative,0.0002424580036163535
1231584509885386753,negative,0.0002424580036163535
1231584517422493696,negative,6.385107715547864e-06
1231584523479060481,negative,0.0004183057299841911
1231584528197701633,negative,0.0002424580036163535
1231584531481755648,negative,0.0004183057299841911
1231584531926441984,negative,3.3079723809284284e-05
1231584536770772992,negative,6.036995778497205e-07
1231584591313559552,negative,7.077463785307499e-07
1231584591565271041,negative,1.8042291736209017e-06
1231584599270215680,negative,0.005042408257855356
1231584599723126784,neutral,0.46127768308170247
1231584612469571586,negative,0.0002424580036163535
1231584619130183680,negative,1.8019712570383817e-06
1231584619989995526,negative,0.07798098286373326
1231584622229774338,negative,1.933932167978847e-08
1231584626147287041,neutral,0.48728019602140255
1231584627057360896,negative,0.04923985715049179
1231584629460697089,negative,0.0002909717501329856
1231584630173765633,negative,9.481105225530039e-06
1231584635508883457,negative,0.005042408257855356
1231584641057992704,negative,0.0007842224093884365
1231584653691248640,negative,0.04204233934388885
1231584659894657024,negative,0.10891703553833594
1231584664453885952,negative,6.325844482949026e-06
1231584668602052609,negative,0.08513762565812823
1231584676055265280,negative,1.2616471791534086e-05
1231584719894122496,negative,0.007516873331545804
1231584735744446464,negative,6.118811640527517e-12
1231584742736375810,negative,4.5205465181038426e-06
1231584743348752386,negative,0.0736401149528525
1231584761149317121,negative,0.04923985715049179
1231584773564440576,negative,0.0007842224093884365
1231584776093622272,negative,0.0007842224093884365
1231584786692608000,negative,0.0022218547317924974
1231584793500012545,neutral,0.5749931028526596
1231584795907575808,negative,1.1728997844239037e-06
1231584807777456128,negative,3.3079723809284284e-05
1231584860134944768,negative,0.003273058366713119
1231584877927129091,negative,0.029459035204929873
1231584888031191045,negative,3.315142523818803e-06
1231584888530317313,negative,0.0007842224093884365
1231584893752238080,negative,0.0004183057299841911
1231584905781563392,negative,0.05958604719454089
1231584933887594497,negative,0.06307077390866107
1231584944180400128,negative,0.0009452671611891349
1231584945736441856,negative,0.0007842224093884365
1231585026032185350,negative,0.04923985715049179
1231585028519407618,negative,0.24283859520395007
1231585031388385280,negative,1.1728997844239037e-06
1231585046005456898,negative,0.0004183057299841911
1231585047058272258,negative,1.0235746602204406e-10
1231585050967318528,negative,0.0013818212119365045
1231585061302128641,negative,0.0017423096069428927
1231585071095844864,negative,0.08513762565812823
1231585081514504193,negative,0.05958604719454089
1231585145649614853,negative,0.015085777925241196
1231585148833030145,negative,0.0007842224093884365
1231585165807357953,negative,0.0007842224093884365
1231585174720274435,neutral,0.46127768308170247
1231585204558536705,negative,0.0004183057299841911
1231585265728225281,negative,0.005503572977506026
1231585270639755269,negative,0.0022218547317924974
1231585282589413376,negative,0.05958604719454089
1231585286850830336,negative,0.0033165219417437093
1231585309030338561,neutral,0.334975968405829
1231585331163619331,negative,0.08513762565812823
1231585334200295425,negative,0.07439510200780232
1231585338910560262,negative,0.0004183057299841911
1231585346229501952,negative,0.0002424580036163535
1231585350046363651,negative,0.0007842224093884365
1231585411593572352,negative,0.0007842224093884365
1231585415376887808,negative,0.016500081773177067
1231585428794462208,negative,0.0002424580036163535
1231585442186825728,negative,0.08513762565812823
1231585446829940736,neutral,0.46127768308170247
1231585447765254144,negative,6.601615704170973e-05
1231585455843479552,negative,0.0004183057299841911
1231585468132864000,negative,0.08513762565812823
1231585482020151296,negative,6.325844482949026e-06
1231585485883158529,negative,2.1773166052042033e-09
1231588126344306690,negative,0.0007842224093884365
1231588130022658048,negative,0.10682638863942294
1231588143167672320,negative,1.2616471791534086e-05
1231588146892230656,negative,0.018512686460689112
1231588150813827072,negative,0.0002424580036163535
1231588153917607942,negative,0.001719861136158772
1231588165959507969,negative,1.2616471791534086e-05
1231588167716933633,negative,0.0046127959540174165
1231588172783652870,negative,0.028094799317405113
1231588180597657600,negative,0.11488614709749533
1231588197408411650,negative,0.010903901824063195
1231588268040429569,negative,0.0007842224093884365
1231588284289159168,negative,7.760114258621204e-06
1231588293260849153,neutral,0.46127768308170247
1231588297081860098,negative,0.005042408257855356
1231588297606156288,negative,0.0007842224093884365
1231588305235595264,negative,2.795455537401455e-09
1231588313062088704,negative,0.12846200447406117
1231588331248660480,negative,0.11776691052590518
1231588333937201154,positive,0.8960774941863856
1231588397082464258,negative,0.0006346776948448045
1231588410722095104,negative,0.0016646309066838862
1231588414589489152,negative,0.0010971261174950004
1231588414627237889,negative,4.038709373800266e-09
1231588416556589063,negative,0.005275321140535926
1231588438144700416,negative,0.018512686460689112
1231588438371192833,negative,3.3079723809284284e-05
1231588459409793026,negative,0.10891703553833594
1231588462282846215,negative,0.0007995828804576927
1231588527604928512,positive,0.8362259158388079
1231588531656679425,negative,0.02091886366611992
1231588535314112512,negative,0.0009274435985411536
1231588535414685697,negative,0.0033113614359519747
1231588545699209217,negative,2.9048047519883995e-09
1231588546672238592,negative,7.496702092122917e-05
1231588558781194241,negative,0.0006742203449749647
1231588561046167553,negative,0.22113104370573727
1231588562652532738,negative,0.04923985715049179
1231588564258959361,negative,0.004823864023825414
1231588564510629888,negative,0.0007842224093884365
1231588569359306752,negative,0.05958604719454089
1231588572613967878,negative,0.07455621761816202
1231588660962828288,negative,0.0001399795225286842
1231588660962889729,negative,0.0007842224093884365
1231588665526308866,negative,5.531690931472635e-08
1231588666830721025,negative,7.78890896699849e-12
1231588671687622658,negative,0.0019110851563193404
1231588713500676102,negative,0.0002424580036163535
1231588719980949504,negative,1.50290780782304e-10
1231588733989871616,negative,0.0002424580036163535
1231588790743044098,negative,5.17479422152377e-07
1231588800268296193,negative,0.05958604719454089
1231588807901941761,negative,0.01525495957715193
1231588821306892296,negative,0.05958604719454089
1231588828626006016,negative,0.061328744597224746
1231588829045325826,negative,3.315142523818803e-06
1231588867087699968,negative,8.180950255091945e-05
1231588931923324928,negative,0.006546913429292635
1231588938080542720,negative,0.0007995828804576927
1231588938122485761,negative,4.81572146073163e-07
1231588940093775872,negative,5.3469179589511806e-05
1231588942115463168,negative,0.0004183057299841911
1231588963250556932,negative,0.0002424580036163535
1231588975384682496,negative,0.00810247387103271
1231588985274851329,negative,0.0001224341739083209
1231589067583873024,negative,0.1436332747458095
1231589071396462595,negative,3.3079723809284284e-05
1231589076656148482,negative,0.0013818212119365045
1231589080355483650,negative,0.0006071623531533079
1231589082754699264,negative,0.0002424580036163535
1231589084742782978,negative,1.1728997844239037e-06
1231589090144899072,negative,1.139360043332609e-06
1231589094716776448,negative,0.00018288405855883456
1231589100056129536,negative,0.21842928267122017
1231589102652461056,negative,0.0007842224093884365
1231589103201931269,negative,3.315142523818803e-06
1231589104044912642,negative,3.3079723809284284e-05
1231589110550233089,negative,0.0002424580036163535
1231589112320229377,negative,0.08513762565812823
1231589116439080960,negative,0.0002424580036163535
1231589124655763457,negative,0.0002424580036163535
1231589189545811974,negative,0.010903901824063195
1231589215848275968,negative,0.05958604719454089
1231589220239605761,negative,1.0235746602204406e-10
1231589226476703746,negative,0.08513762565812823
1231589233564975104,positive,0.9249358240847536
1231589239265075200,negative,0.0007842224093884365
1231589246105980928,negative,0.08513762565812823
1231589277558919169,negative,0.2633964151050041
1231591905135333376,negative,0.0009354267826024709
1231591915864363011,negative,0.004497540017438546
1231591919886708739,negative,0.08513762565812823
1231591925339303936,neutral,0.4904699796321588
1231591933438504960,negative,2.0866364941840078e-07
1231591935133044742,negative,1.1967298354575085e-08
1231591935812476928,negative,1.1728997844239037e-06
1231591943794282498,negative,0.05850449000409381
1231591946109452290,negative,0.0002424580036163535
1231591950744244226,negative,5.127230941668831e-05
1231591954703581184,negative,0.0002424580036163535
1231591956851183617,negative,1.9495094631733072e-05
1231591992347516930,negative,3.6835558995822106e-05
1231592057397030912,negative,3.372026334867157e-05
1231592057527046146,positive,0.7099413665441583
1231592062799294465,negative,0.05958604719454089
1231592077634494465,negative,0.01103221305982136
1231592083410096128,negative,2.882965820391473e-07
1231592113860726784,negative,0.0010971261174950004
1231592129547423744,negative,0.07579074119709148
1231592187835637760,positive,0.8960774941863856
1231592188175405056,negative,3.4624932754132788e-09
1231592194173276161,negative,0.04923985715049179
1231592194542358528,neutral,0.4471881342377747
1231592196681412609,negative,0.00014530031743766525
1231592206433161217,negative,0.0010971261174950004
1231592216289783809,negative,0.08513762565812823
1231592222463754241,negative,0.07579074119709148
1231592226880397317,negative,0.0007842224093884365
1231592234002284546,negative,0.01178563115234231
1231592238796484611,negative,5.308704410841761e-06
1231592246241320960,negative,2.9641978257840286e-07
1231592255372349446,negative,0.021107241898860058
1231592259872751616,negative,0.0002424580036163535
1231592264612352001,negative,0.0053690907187409695
1231592323101777921,negative,0.01778102281471145
1231592325018791937,negative,0.0046127959540174165
1231592325668888577,negative,0.0016267958064008995
1231592336997715968,negative,0.0002424580036163535
1231592340722257920,negative,0.0007842224093884365
1231592346560729090,negative,0.0002424580036163535
1231592355121246212,negative,0.0007842224093884365
1231592360024444928,negative,2.432982223387777e-05
1231592360271847425,negative,1.1728997844239037e-06
1231592366462717954,negative,0.07579074119709148
1231592393776017411,negative,0.0002424580036163535
1231592450294263808,negative,0.0007842224093884365
1231592452156542976,negative,8.746580261970005e-05
1231592463879503875,negative,0.0002424580036163535
1231592473706868739,negative,0.0007842224093884365
1231592474528952321,negative,0.0007842224093884365
1231592480400867328,negative,0.0007842224093884365
1231592496314146816,negative,5.93637198672272e-05
1231592509593280512,positive,0.8612131763786697
1231592511967285250,negative,0.0002424580036163535
1231592589696159746,negative,0.0016646309066838862
1231592598613176320,negative,0.022944893492862516
1231592622139039745,negative,0.040406307194916655
1231592624198422534,negative,7.187775222713563e-08
1231592635967660032,negative,1.1686811007935178e-09
1231592636823351296,negative,0.1436332747458095
1231592639717367808,negative,0.07579074119709148
1231592648110202880,negative,0.010449920702099977
1231592650211569666,negative,5.308704410841761e-06
1231592658193330177,positive,0.9006461898525868
1231592665566863360,negative,0.0002424580036163535
1231592668586741760,neutral,0.49789225920557484
1231592736719015937,negative,0.19931813707233725
1231592749901717507,negative,0.00022317471935803362
1231592750107238400,negative,0.08513762565812823
1231592761608097794,negative,0.02177633758262639
1231592763801636866,negative,0.0019442883186688816
1231592773196881921,negative,0.0058190403481587745
1231592794067738627,negative,0.04753404490859591
1231592865547067392,negative,0.0007842224093884365
1231592869711904769,negative,0.0016646309066838862
1231592871700115457,negative,0.00041319782169805863
1231592875563069440,neutral,0.5761133098083588
1231592878243184640,negative,0.19714626093631038
1231592878511710216,negative,0.00013668355923401106
1231592883498684417,negative,0.07579074119709148
1231592889811116033,negative,1.139360043332609e-06
1231592894571565057,negative,0.0004188730306303896
1231592896589127685,negative,0.04923985715049179
1231592901345468417,negative,1.1728997844239037e-06
1231592910300286978,negative,0.02513956489263298
1231592914775674882,negative,0.004399955193434499
1231592937433321480,negative,0.10475086947562237
1231592998980521985,negative,0.08513762565812823
1231593008203739136,negative,3.3079723809284284e-05
1231593014084108288,negative,0.028094799317405113
1231593019968761856,negative,0.040406307194916655
1231593028315484162,negative,0.009150371141818311
1231593031276601344,negative,0.00015171217280834126
1231593039036067840,negative,0.010691785879962373
1231593042718662656,negative,0.021107241898860058
1231593048179650561,negative,0.001719861136158772
1231593051237294082,positive,0.998054366181496
1231593060750020609,negative,1.1728997844239037e-06
