Tweet_ID,NER_Text,Start_Pos,Eng_Pos,NER_Label,Prob
1231353063107108864,amstel,12,18,MISC,0.9923
1231353063107108864,coronavirus,37,48,MISC,0.9999
1231353063308484608,europapress,4,15,ORG,0.9994
1231353063308484608,italia,17,23,LOC,0.9999
1231353063308484608,gobierno,78,86,ORG,0.9999
1231353063425925120,coronavirus,0,11,MISC,0.9967
1231353063425925120,departamento de estado,115,137,ORG,0.9999
1231353063425925120,estadosunidos,186,199,ORG,0.561
1231353063966957568,jacobomendioroz,4,19,PER,0.9996
1231353063966957568,oms,91,94,ORG,0.9999
1231353067322380294,salud_cz9,4,13,MISC,0.6019
1231353067322380294,hmovil2,45,52,ORG,0.8078
1231353067322380294,salud_ec,61,69,MISC,0.9824
1231353067519520768,hiayoraloja,4,15,ORG,0.9096
1231353067519520768,prevenci√≥nessalud,17,34,MISC,0.898
1231353067519520768,ecuador,114,121,LOC,1.0
1231353068064837632,finanzas,4,12,ORG,0.7134
1231353068064837632,time,13,17,ORG,0.8415
1231353068064837632,ir√°n,19,23,LOC,0.9999
1231353068064837632,coronavirus,27,38,MISC,0.562
1231353068064837632,covid19,39,46,MISC,0.9986
1231353069251780608,roma,0,4,ORG,0.9287
1231353069251780608,wuhan,120,125,LOC,0.9998
1231353069251780608,italia,185,191,LOC,1.0
1231353070963101698,alertanews24,4,16,ORG,0.9551
1231353070963101698,üá∫üá¶,18,20,LOC,0.96
1231353070963101698,coronavirus,23,34,LOC,0.9982
1231353070963101698,ministro de salud de ucrania,39,67,PER,0.9845
1231353071625699330,coronavirusesp,4,18,ORG,0.9946
1231353071625699330,italia,70,76,LOC,1.0
1231353076277301249,elconfidencial,4,18,ORG,0.9975
1231353076277301249,oms,37,40,ORG,0.9998
1231353078085038080,prevenci√≥nessalud,0,17,MISC,0.8294
1231353078085038080,gobierno nacional,23,40,ORG,0.9999
1231353078085038080,@salud_ec,53,62,ORG,0.9879
1231353078085038080,ecuador,147,154,LOC,1.0
1231353078085038080,coronavirus,187,198,MISC,0.9999
1231353082165985280,coronavirusesp,4,18,ORG,0.9946
1231353082165985280,italia,70,76,LOC,1.0
1231353085580234752,torren,4,10,PER,0.999
1231353085580234752,messi,14,19,PER,0.9996
1231353086586822657,china,10,15,LOC,0.9999
1231353190588788737,dw,4,6,ORG,0.992
1231353190588788737,italia,28,34,LOC,0.9604
1231353190588788737,it,135,137,LOC,0.9951
1231353193164136452,miguelabernalv,4,18,PER,0.9997
1231353193164136452,idaan,50,55,ORG,0.9999
1231353193759727616,finanzas,4,12,ORG,0.629
1231353193759727616,time,13,17,ORG,0.9221
1231353193759727616,covid19,31,38,MISC,0.9992
1231353194170736640,caterinav,4,13,ORG,0.9998
1231353194476863488,treporta,4,12,ORG,0.9898
1231353194476863488,senanpanama,44,55,ORG,0.9829
1231353194476863488,mensab,133,139,LOC,0.9999
1231353195433283585,aneudyk,4,11,ORG,0.9952
1231353195433283585,puerto rico,52,63,LOC,1.0
1231353202530013185,adriana85963121,4,19,PER,0.9972
1231353202530013185,coronavirus,21,32,MISC,0.8508
1231353202530013185,italia,41,47,LOC,1.0
1231353202530013185,ezeiza,115,121,LOC,0.9475
1231353205054943232,sunoticiero,4,15,ORG,0.9932
1231353205054943232,made in china‚Äô,66,80,MISC,0.9995
1231353215893065729,lostiemposbol,4,17,ORG,0.9999
1231353215893065729,italia,89,95,LOC,0.9999
1231353216467701760,coronavirusesp,4,18,ORG,0.9946
1231353216467701760,italia,70,76,LOC,1.0
1231353217516220416,minsaludcol,4,15,ORG,0.9949
1231353217516220416,covid-19,94,102,MISC,0.9998
1231353217516220416,colombia,107,115,LOC,1.0
1231353218938146822,batmantimessq,1,14,ORG,0.8454
1231353218938146822,coronavirus,28,39,MISC,1.0
1231353219776950272,xhespanol,4,13,ORG,0.998
1231353219776950272,hong kong,53,62,LOC,0.9999
1231353219776950272,diamondprincess,83,98,MISC,0.9999
1231353221429506050,miamimundo,4,14,ORG,0.9696
1231353221429506050,china,16,21,ORG,0.6398
1231353221429506050,china coronavirus eeuu,98,120,MISC,0.9305
1231353221983195136,acidulce420,4,15,MISC,0.9223
1231353318817046528,aagulla,4,11,ORG,0.7822
1231353318817046528,espn,12,16,ORG,0.9033
1231353318817046528,italia,56,62,LOC,0.9999
1231353318817046528,coronavirus,98,109,MISC,0.9999
1231353318817046528,inter,111,116,ORG,0.9996
1231353318817046528,sampdoria√± verona,120,137,ORG,0.9999
1231353320968740864,pmarsupia,4,13,ORG,0.9708
1231353320968740864,italia,71,77,LOC,1.0
1231353322755575809,mariaicampoc,4,16,PER,0.3106
1231353325343428608,actualidadrt,4,16,ORG,0.7002
1231353325544787969,coronavirusesp,4,18,ORG,0.9946
1231353325544787969,italia,70,76,LOC,1.0
1231353325972533248,aciprensa,4,13,ORG,0.9995
1231353329214787584,finanzas,1,9,MISC,0.9954
1231353329214787584,time cierto,10,21,ORG,0.9982
1231353330426957824,bitiiez,4,11,ORG,0.7891
1231353330426957824,the fact music awards,34,55,MISC,0.9999
1231353330426957824,bts,63,66,ORG,0.9995
1231353330456244224,dw,4,6,ORG,0.9961
1231353330456244224,italia,16,22,LOC,0.6089
1231353330456244224,lombardia,49,58,LOC,1.0
1231353330519203840,copra,4,9,ORG,0.9999
1231353330519203840,colombia,10,18,LOC,0.9998
1231353330519203840,ministerio,28,38,ORG,0.9873
1231353330519203840,emiratos √°rabes unidos,51,73,ORG,0.7692
1231353330519203840,covid,106,111,MISC,0.9998
1231353333702680578,salud,4,9,MISC,0.955
1231353333702680578,cz7,10,13,ORG,0.9999
1231353333702680578,eloro,15,20,ORG,0.9949
1231353333702680578,bajo alto,61,70,LOC,1.0
1231353333702680578,buenavista,72,82,LOC,1.0
1231353333702680578,progreso,84,92,LOC,1.0
1231353333702680578,chilla,95,101,LOC,0.9999
1231353334843478017,aagulla,4,11,ORG,0.7822
1231353334843478017,espn,12,16,ORG,0.9033
1231353334843478017,italia,56,62,LOC,0.9999
1231353334843478017,coronavirus,98,109,MISC,0.9999
1231353334843478017,inter,111,116,ORG,0.9996
1231353334843478017,sampdoria√± verona,120,137,ORG,0.9999
1231353338911952897,aranchamobile,4,17,ORG,0.9985
1231353338911952897,serie a,46,53,MISC,0.9996
1231353341831151616,finanzas_time,4,17,ORG,0.8273
1231353341831151616,italia,19,25,LOC,0.9994
1231353341831151616,covid19,41,48,MISC,0.9988
1231353341831151616,italia,53,59,LOC,0.989
1231353344591048704,pajara,4,10,ORG,0.9845
1231353344591048704,gin√©z gonz√°lez garc√≠a,15,36,PER,0.9999
1231353344591048704,argentina,50,59,LOC,1.0
1231353345949880320,pmarsupia,4,13,ORG,0.9708
1231353345949880320,italia,71,77,LOC,1.0
1231353353621426176,fezunzunegui,4,16,PER,0.9007
1231353353621426176,finanzas,55,63,MISC,0.9501
1231353353621426176,g20,68,71,ORG,0.9991
1231353358243463168,conelmazodando,4,18,ORG,0.9939
1231353358243463168,conchavez,129,138,MISC,0.845
1231353456675508225,el,4,6,ORG,0.9991
1231353456675508225,corea del sur,55,68,LOC,0.9999
1231353456969080832,meneame_net,4,15,ORG,0.8407
1231353456969080832,italia,17,23,ORG,0.9968
1231353456969080832,ej√©rcito,36,44,ORG,1.0
1231353462648188929,aranchamobile,4,17,ORG,0.9985
1231353462648188929,serie a,46,53,MISC,0.9996
1231353466620129280,alf,4,7,ORG,0.9815
1231353466620129280,argzz,8,13,MISC,0.7809
1231353466620129280,coronav,131,138,MISC,0.9998
1231353469505810433,hilo,13,17,ORG,0.9993
1231353469505810433,italia,117,123,LOC,1.0
1231353473804963845,unam,18,22,ORG,0.9999
1231353479282745346,metro,54,59,MISC,0.9339
1231353479282745346,nueva york,63,73,LOC,1.0
1231353481740652545,aranchamobile,4,17,ORG,0.9985
1231353481740652545,serie a,46,53,MISC,0.9996
1231353484047306752,oms,0,3,ORG,0.9999
1231353489084833798,seriea,0,6,MISC,0.9999
1231353489084833798,lombardia,62,71,LOC,1.0
1231353489084833798,veneto,74,80,LOC,1.0
1231353489084833798,verona,163,169,ORG,0.9996
1231353489084833798,cagliari,172,180,ORG,0.9996
1231353489084833798,atalanta,182,190,ORG,0.9997
1231353489084833798,sassuolo,193,201,ORG,0.9995
1231353489084833798,inter,204,209,ORG,0.9997
1231353489084833798,sampdoria,212,221,ORG,0.9997
1231353490867474432,cordoba,4,11,ORG,0.9005
1231353490867474432,mil√°n,40,45,LOC,1.0
1231353490867474432,italia,48,54,LOC,0.9957
1231353491060338689,salud,4,9,MISC,0.8892
1231353491060338689,cz5,10,13,ORG,0.8696
1231353491060338689,losr√≠os,15,22,LOC,0.9273
1231353491060338689,feriadodecarnaval,81,98,MISC,0.9938
1231353491060338689,terminal terrestre de b,114,137,LOC,0.9999
1231353492142358528,eeuu,10,14,LOC,0.9667
1231353492142358528,wuhan,70,75,LOC,0.9999
1231353592642260992,coronavirus,57,68,MISC,0.9999
1231353595578155008,salud,4,9,MISC,0.9571
1231353595578155008,cz5,10,13,ORG,0.4515
1231353595578155008,santaelena,15,25,LOC,0.9999
1231353595578155008,salud,40,45,MISC,0.7039
1231353595578155008,distrito la libertad-salinas,50,78,LOC,0.8161
1231353595578155008,malec√≥n de salinas,113,131,LOC,0.9999
1231353601450283013,paismenospeor,4,17,ORG,0.9744
1231353601450283013,dengue,43,49,MISC,0.9997
1231353602482065409,pirryoficial,4,16,ORG,0.998
1231353602482065409,italia,51,57,LOC,1.0
1231353603484528640,coronavirusesp,4,18,ORG,0.9946
1231353603484528640,italia,70,76,LOC,1.0
1231353606206578691,italia,31,37,LOC,1.0
1231353606206578691,coronavirus,53,64,MISC,0.9999
1231353606206578691,sampdoria,81,90,ORG,0.9994
1231353606206578691,inter,94,99,ORG,0.9997
1231353607779430402,crguatemalteca,4,18,ORG,0.9977
1231353607779430402,coronavirus  cruzrojagt,38,61,MISC,0.9997
1231353607980756992,inter,4,9,ORG,0.9983
1231353607980756992,lombard√≠a,82,91,LOC,1.0
1231353607980756992,coronavirus,127,138,MISC,0.9999
1231353609356533760,inter,4,9,ORG,0.9983
1231353609356533760,lombard√≠a,82,91,LOC,1.0
1231353609356533760,coronavirus,127,138,MISC,0.9999
1231353611470417922,doncameltoex,4,16,MISC,0.4297
1231353613143937025,salud,4,9,MISC,0.5584
1231353613143937025,cz5,10,13,ORG,0.9086
1231353613143937025,guayas,15,21,LOC,0.9999
1231353613143937025,centro de salud playas,42,64,ORG,1.0
1231353616293879809,girautaoficial ortega smith,9,36,MISC,0.8657
1231353616293879809,coronavirus,67,78,MISC,1.0
1231353617195524096,bimbo,0,5,ORG,0.9989
1231353617195524096,wuhan,40,45,LOC,1.0
1231353728172728320,am√©rica latina,13,27,LOC,1.0
1231353734875303939,mippcivzla,4,14,ORG,0.9956
1231353734875303939,italia,52,58,LOC,1.0
1231353734875303939,coronavirus,63,74,MISC,0.9999
1231353734875303939,carnavalesfelicesyenpaz,110,133,MISC,0.9588
1231353736510963713,finanzas,4,12,ORG,0.555
1231353736510963713,coronavirus,19,30,MISC,0.9996
1231353736510963713,india,125,130,LOC,1.0
1231353736510963713,√°frica,132,138,LOC,1.0
1231353741128929283,inter,4,9,ORG,0.9983
1231353741128929283,lombard√≠a,82,91,LOC,1.0
1231353741128929283,coronavirus,127,138,MISC,0.9999
1231353753212784641,infopresidencia,4,19,ORG,0.9984
1231353753212784641,boeing,30,36,MISC,0.98
1231353753212784641,fuerzaaereacol,48,62,ORG,0.9983
1231353753212784641,wuhan,106,111,LOC,1.0
1231353753212784641,china,113,118,LOC,1.0
1231353754370396160,quintopelagato,4,18,ORG,0.6564
1231353754370396160,coronavirus,41,52,MISC,1.0
1231353754370396160,italia,56,62,LOC,0.9999
1231353754370396160,ir√°n,65,69,LOC,0.9999
1231353754370396160,carnaval2020,86,98,MISC,0.999
1231353756203261955,mundoeconflicto,4,19,ORG,0.7985
1231353756203261955,gobierno de italia,21,39,ORG,0.9998
1231353759105789953,oms,3,6,ORG,0.9999
1231353759105789953,italia,111,117,LOC,0.999
1231353759105789953,hold my birra,119,132,MISC,0.8838
1231353759118319616,finanzas_time,4,17,ORG,0.8273
1231353759118319616,italia,19,25,LOC,0.9994
1231353759118319616,covid19,41,48,MISC,0.9988
1231353759118319616,italia,53,59,LOC,0.989
1231353760741568514,mippcivzla,4,14,ORG,0.9973
1231353760741568514,italia,52,58,LOC,1.0
1231353760741568514,coronavirus,63,74,MISC,0.9999
1231353760741568514,carnavalesfelicesyenpaz,110,133,MISC,0.9973
1231353855075594241,aroguden,4,12,PER,0.9854
1231353855075594241,coreadelsur,33,44,LOC,0.9996
1231353855075594241,covid19,60,67,MISC,0.9986
1231353855281115137,actualidadrt,4,16,ORG,0.7002
1231353858686947336,cnnee,4,9,ORG,1.0
1231353858686947336,italia,48,54,LOC,1.0
1231353868652511232,aagulla,4,11,ORG,0.7822
1231353868652511232,espn,12,16,ORG,0.9033
1231353868652511232,italia,56,62,LOC,0.9999
1231353868652511232,coronavirus,98,109,MISC,0.9999
1231353868652511232,inter,111,116,ORG,0.9996
1231353868652511232,sampdoria√± verona,120,137,ORG,0.9999
1231353868715425793,alfredomartiz,4,17,ORG,0.7597
1231353868715425793,china,20,25,LOC,0.9997
1231353868715425793,china,97,102,LOC,0.9997
1231353872884563975,finanzas,4,12,ORG,0.629
1231353872884563975,time,13,17,ORG,0.9221
1231353872884563975,covid19,31,38,MISC,0.9992
1231353874105163781,avnve,4,9,ORG,0.9981
1231353874105163781,china,88,93,LOC,1.0
1231353875258626048,ntn24,4,9,ORG,0.9999
1231353875258626048,oms,14,17,ORG,0.9999
1231353875665506306,aranchamobile,4,17,ORG,0.5866
1231353875665506306,serie a,46,53,MISC,0.9997
1231353881571004416,coronavirus,1,12,MISC,0.9999
1231353881571004416,iran,29,33,LOC,1.0
1231353884364484635,costa rica,48,58,LOC,0.9999
1231353884364484635,wuhan,166,171,LOC,0.9999
1231353884557312000,instagram,64,73,MISC,0.9989
1231353888059658246,europapress,4,15,ORG,0.9994
1231353888059658246,italia,17,23,LOC,0.9999
1231353888059658246,gobierno,78,86,ORG,0.9999
1231353889842253825,mexico,11,17,LOC,0.9587
1231353889842253825,coronavirus,19,30,MISC,0.9998
1231353889842253825,canc√∫n,43,49,LOC,1.0
1231353889842253825,mundial de pentatl√≥n moderno 2020,63,96,MISC,0.9999
1231353892501364737,finanzas_time,4,17,ORG,0.8273
1231353892501364737,italia,19,25,LOC,0.9994
1231353892501364737,covid19,41,48,MISC,0.9988
1231353892501364737,italia,53,59,LOC,0.989
1231353893281554437,altairpr,4,12,ORG,0.9997
1231353893281554437,deptsaludpr,21,32,ORG,0.995
1231353893281554437,twitter,59,66,MISC,0.9962
1231356584388956160,elpitazotv,4,14,ORG,0.9994
1231356584388956160,ir√°n,35,39,LOC,1.0
1231356584388956160,teher√°n,118,125,LOC,1.0
1231356584388956160,qom,128,131,LOC,0.9999
1231356585131245569,aagulla,4,11,ORG,0.7822
1231356585131245569,espn,12,16,ORG,0.9033
1231356585131245569,italia,56,62,LOC,0.9999
1231356585131245569,coronavirus,98,109,MISC,0.9999
1231356585131245569,inter,111,116,ORG,0.9996
1231356585131245569,sampdoria√± verona,120,137,ORG,0.9999
1231356586058231808,pirryoficial,4,16,ORG,0.998
1231356586058231808,italia,51,57,LOC,1.0
1231356586649628673,salud_ec,4,12,ORG,0.7332
1231356586649628673,prevenci√≥nessalud,14,31,MISC,0.9794
1231356586649628673,gobierno nacional,37,54,ORG,0.9998
1231356586649628673,@salud_ec,68,77,ORG,0.9906
1231356590353244161,actualidadrt,4,16,ORG,0.6327
1231356590353244161,eeuu,18,23,ORG,0.9992
1231356590802063366,pum,0,3,MISC,0.9428
1231356590802063366,serie a,44,51,MISC,0.999
1231356590802063366,italia,105,111,LOC,1.0
1231356590906847232,noticiasonu,4,15,ORG,0.9774
1231356590906847232,drtedros,103,111,PER,0.9324
1231356590906847232,oms,120,123,ORG,0.9998
1231356590906847232,who,125,128,ORG,1.0
1231356591221477377,josecardenas1,4,17,PER,0.9966
1231356591221477377,ir√°n,54,58,LOC,1.0
1231356596275568640,finanzas_time,4,17,ORG,0.9701
1231356596275568640,wuhan,75,80,LOC,1.0
1231356600281116673,torrupr,4,11,PER,0.9475
1231356600281116673,coronavirus,63,74,MISC,0.9999
1231356600302161928,gustavo__olmos,4,18,PER,0.9998
1231356600302161928,ministerio de salud,20,39,ORG,0.9428
1231356609592537088,dw,4,6,ORG,0.9961
1231356609592537088,italia,16,22,LOC,0.6089
1231356609592537088,lombardia,49,58,LOC,1.0
1231356609932062720,actualidadrt,4,16,ORG,0.6327
1231356609932062720,eeuu,18,23,ORG,0.9992
1231356612264284161,aagulla,4,11,ORG,0.7822
1231356612264284161,espn,12,16,ORG,0.9033
1231356612264284161,italia,56,62,LOC,0.9999
1231356612264284161,coronavirus,98,109,MISC,0.9999
1231356612264284161,inter,111,116,ORG,0.9996
1231356612264284161,sampdoria√± verona,120,137,ORG,0.9999
1231356612381749249,finanzas,4,12,ORG,0.8659
1231356612381749249,china,19,24,LOC,0.9921
1231356612381749249,covid19,40,47,MISC,0.9985
1231356717075746817,mippcivzla,4,14,ORG,0.9969
1231356717075746817,italia,71,77,LOC,1.0
1231356717075746817,coronavirus,82,93,MISC,0.9999
1231356717843337217,j_malevo,4,12,PER,0.9999
1231356722788413441,salud_ec,4,12,ORG,0.7332
1231356722788413441,prevenci√≥nessalud,14,31,MISC,0.9794
1231356722788413441,gobierno nacional,37,54,ORG,0.9998
1231356722788413441,@salud_ec,68,77,ORG,0.9906
1231356726651314176,finanzas,4,12,ORG,0.8659
1231356726651314176,china,19,24,LOC,0.9921
1231356726651314176,covid19,40,47,MISC,0.9985
1231356727469264897,actualidadrt,4,16,ORG,0.6327
1231356727469264897,eeuu,18,23,ORG,0.9992
1231356731785142272,china,84,89,LOC,1.0
1231356731785142272,infl,135,139,MISC,0.9993
1231356733794246657,josecardenas1,4,17,PER,0.9988
1231356733794246657,china,70,75,LOC,1.0
1231356739720744962,anonymuosn,4,14,ORG,0.5805
1231356739720744962,talesh,56,62,LOC,0.9996
1231356742501650433,actualidadrt,4,16,ORG,0.6327
1231356742501650433,eeuu,18,23,ORG,0.9992
1231356742669406208,brasil,0,6,LOC,1.0
1231356742669406208,an√°polis,80,88,LOC,1.0
1231356742669406208,an√°polis,160,168,LOC,0.9999
1231356742669406208,roberto naves,170,183,PER,0.9998
1231356743306895360,salud,4,9,MISC,0.9579
1231356743306895360,cz8,10,13,MISC,0.9722
1231356743306895360,prevenci√≥nessalud,15,32,MISC,0.7035
1231356743306895360,ecuador,112,119,LOC,1.0
1231356745072730117,consejo estrat√©gico para las enfermedades infecciosas,35,88,ORG,0.9999
1231356745072730117,covid19,110,117,ORG,0.9983
1231356745299021824,coronavirus,58,69,MISC,0.9999
1231356745299021824,baervenezuela,72,85,ORG,0.9978
1231356750365851649,trendforce,14,24,ORG,0.9999
1231356849343123457,tjcope,4,10,ORG,0.9965
1231356849343123457,vonrichetti,23,34,PER,0.7146
1231356849343123457,serie a,93,100,MISC,0.9983
1231356849343123457,inter,105,110,ORG,0.9999
1231356849343123457,sampdoria,114,123,ORG,0.9996
1231356849343123457,atalanta,129,137,ORG,0.9999
1231356849988960257,actualidadrt,4,16,ORG,0.6327
1231356849988960257,eeuu,18,23,ORG,0.9992
1231356853050888192,calciodepalma,4,17,ORG,0.9971
1231356853050888192,coronavirus,60,71,MISC,0.9999
1231356853050888192,serie a,101,108,MISC,0.9996
1231356853050888192,lombardia,124,133,LOC,1.0
1231356853050888192,ven,136,139,LOC,0.9998
1231356858050531328,finanzas,4,12,ORG,0.803
1231356858050531328,china,19,24,LOC,0.9995
1231356858050531328,covid19,40,47,MISC,0.9995
1231356858050531328,swat,94,98,MISC,0.8449
1231356859648483328,finanzas,4,12,ORG,0.9358
1231356859648483328,time,13,17,ORG,0.9966
1231356859648483328,ir√°n,19,23,LOC,0.9999
1231356859648483328,coronavirus,27,38,MISC,0.8533
1231356859648483328,covid19,39,46,MISC,0.9993
1231356859648483328,ir√°n,78,82,LOC,0.9999
1231356868095811586,soycalcio,4,13,ORG,0.9999
1231356868095811586,consejo de ministros,40,60,ORG,0.9999
1231356868095811586,italia,64,70,LOC,0.9999
1231356868351623169,wuhan,55,60,LOC,0.9999
1231356868985065473,tjcope,4,10,ORG,0.9965
1231356868985065473,vonrichetti,23,34,PER,0.7146
1231356868985065473,serie a,93,100,MISC,0.9983
1231356868985065473,inter,105,110,ORG,0.9999
1231356868985065473,sampdoria,114,123,ORG,0.9996
1231356868985065473,atalanta,129,137,ORG,0.9999
1231356876505395200,calciodepalma,4,17,ORG,0.9971
1231356876505395200,coronavirus,60,71,MISC,0.9999
1231356876505395200,serie a,101,108,MISC,0.9996
1231356876505395200,lombardia,124,133,LOC,1.0
1231356876505395200,ven,136,139,LOC,0.9998
1231356879978291201,mariaramirezny,4,18,PER,0.9954
1231356879978291201,twitter,30,37,ORG,0.9998
1231356881941204995,anonymuosn,4,14,ORG,0.5805
1231356881941204995,talesh,56,62,LOC,0.9996
1231356884105519104,actualidadrt,4,16,ORG,0.6327
1231356884105519104,eeuu,18,23,ORG,0.9992
1231356985993351169,drcorazon2016,4,17,PER,0.5019
1231356985993351169,via noticel,81,92,MISC,0.9997
1231356986354257922,canarias,20,28,LOC,1.0
1231356988040237056,finanzas,4,12,ORG,0.8342
1231356988040237056,time,13,17,ORG,0.8416
1231356988040237056,china,19,24,LOC,0.9961
1231356988040237056,covid19,40,47,MISC,0.9988
1231356988040237056,pandemia,93,101,MISC,0.9951
1231356992381505536,tjcope,4,10,ORG,0.9965
1231356992381505536,vonrichetti,23,34,PER,0.7146
1231356992381505536,serie a,93,100,MISC,0.9983
1231356992381505536,inter,105,110,ORG,0.9999
1231356992381505536,sampdoria,114,123,ORG,0.9996
1231356992381505536,atalanta,129,137,ORG,0.9999
1231356993857884162,coronavirus,53,64,MISC,0.9999
1231356996781211649,5diaspy,4,11,ORG,0.8572
1231356996781211649,italia,74,80,LOC,0.9999
1231356998589059072,colegio de m√©dicos de aragua,0,28,ORG,0.9999
1231357003274031110,cnnee,4,9,ORG,1.0
1231357003274031110,italia,48,54,LOC,1.0
1231357008894406658,elmundoes,4,13,ORG,0.9983
1231357008894406658,italia,15,21,LOC,0.8091
1231357011968897025,finanzas,4,12,ORG,0.8342
1231357011968897025,time,13,17,ORG,0.8416
1231357011968897025,china,19,24,LOC,0.9961
1231357011968897025,covid19,40,47,MISC,0.9988
1231357011968897025,pandemia,93,101,MISC,0.9951
1231357019296276480,inter de mil√°n-sampdoria,15,39,ORG,0.9999
1231357019296276480,chievo verona-cagliari,41,63,ORG,0.9999
1231357019296276480,atalanta-sassuolo,66,83,ORG,0.9977
1231357019296276480,italia,154,160,LOC,1.0
1231357115849158656,salud,4,9,ORG,0.9309
1231357115849158656,cz7,10,13,ORG,0.9997
1231357115849158656,centineladelc√≥ndor,34,52,LOC,0.99
1231357115924652033,soycalcio,4,13,ORG,0.9999
1231357115924652033,consejo de ministros,40,60,ORG,0.9999
1231357115924652033,italia,64,70,LOC,0.9999
1231357122262245376,elgolgarracol,4,17,ORG,0.9997
1231357122262245376,coronavirus,22,33,MISC,0.9999
1231357124766306304,misskabuki,4,14,PER,0.7444
1231357129015136257,m√©xico,21,27,LOC,1.0
1231357129119981570,cnnee,4,9,ORG,1.0
1231357129119981570,italia,48,54,LOC,1.0
1231357130193670144,italia,16,22,LOC,1.0
1231357133712764929,zigoraldama,4,15,ORG,0.9649
1231357133712764929,china,20,25,LOC,1.0
1231357138137702401,coronavirus,111,122,MISC,1.0
1231357146140463105,mil√°n,23,28,LOC,1.0
1231357146140463105,italia,77,83,LOC,1.0
1231357259541893121,ultimallamada,4,17,ORG,0.6727
1231357259541893121,amazon,34,40,ORG,0.5804
1231357259541893121,china,69,74,LOC,0.9999
1231357267250995200,brisbanetimes,86,99,ORG,0.9601
1231357268144332800,ddaengprint,1,12,ORG,0.9966
1231357268144332800,coronavirus,52,63,MISC,0.9995
1231357273785720833,nippon,4,10,ORG,0.7502
1231357273785720833,consejo estrat√©gico para las enfermedades infecciosas,50,103,ORG,0.9999
1231357273785720833,covid19,125,132,ORG,0.9997
1231357275190767622,siria,55,60,LOC,0.9999
1231357275190767622,europa,157,163,LOC,1.0
1231357275190767622,norteam√©rica,166,178,LOC,1.0
1231357276860157952,mippcivzla,4,14,ORG,0.9969
1231357276860157952,italia,71,77,LOC,1.0
1231357276860157952,coronavirus,82,93,MISC,0.9999
1231357278252621824,salud_ec,4,12,ORG,0.7332
1231357278252621824,prevenci√≥nessalud,14,31,MISC,0.9794
1231357278252621824,gobierno nacional,37,54,ORG,0.9998
1231357278252621824,@salud_ec,68,77,ORG,0.9906
1231357279489986561,cosmelouisiana,4,18,PER,0.9901
1231357280760815616,inter-sampdoria,14,29,MISC,1.0
1231357280760815616,coronavirus,54,65,MISC,0.9999
1231357280760815616,italia,69,75,LOC,1.0
1231357285206757379,coronavirus,31,42,MISC,0.9999
1231357285206757379,espa√±a,45,51,LOC,0.9999
1231357285206757379,l6ndelcygate,105,117,MISC,0.9952
1231357285584310273,okdiario,4,12,ORG,0.9995
1231357285584310273,italia,14,20,LOC,0.9975
1231357287853428736,elenay29,4,12,PER,0.7714
1231357287853428736,italia,78,84,LOC,1.0
1231357385978990593,eeuu,80,85,ORG,0.9998
1231357385978990593,el comercio,118,129,ORG,0.9999
1231357385978990593,per√∫,132,136,LOC,0.9999
1231357387157778433,andyrbnsn,4,13,PER,0.827
1231357389124833280,actualidadrt,4,16,ORG,0.6327
1231357389124833280,eeuu,18,23,ORG,0.9992
1231357392027299842,region2cl,4,13,ORG,0.9266
1231357392027299842,jetsmart,30,38,ORG,0.9997
1231357392027299842,trujillo,53,61,LOC,0.9996
1231357392027299842,peru,62,66,LOC,0.9998
1231357392027299842,santiago,81,89,LOC,1.0
1231357392027299842,antofagasta,102,113,LOC,1.0
1231357392882937857,elperiodico,4,15,ORG,0.9988
1231357392882937857,coronavirus,17,28,MISC,0.9202
1231357392882937857,friuli venecia julia,43,63,LOC,0.9422
1231357396087459842,elpitazotv,4,14,ORG,0.9994
1231357396087459842,ir√°n,35,39,LOC,1.0
1231357396087459842,teher√°n,118,125,LOC,1.0
1231357396087459842,qom,128,131,LOC,0.9999
1231357400180912128,coronavirw,4,14,ORG,0.9994
1231357400180912128,italia,65,71,LOC,1.0
1231357404064952321,coronavirus,0,11,MISC,0.8821
1231357404064952321,covid19,12,19,MISC,0.997
1231357404526321665,alertanews24,4,16,ORG,0.9551
1231357404526321665,üá∫üá¶,18,20,LOC,0.96
1231357404526321665,coronavirus,23,34,LOC,0.9982
1231357404526321665,ministro de salud de ucrania,39,67,PER,0.9845
1231357406845841408,calciodepalma,4,17,ORG,0.9973
1231357406845841408,coronavirus,67,78,MISC,0.9999
1231357406845841408,atalanta,115,123,ORG,0.9771
1231357406845841408,sassuolo,128,136,ORG,0.9375
1231357406845841408,h,138,139,MISC,0.9159
1231357411346329601,paismenospeor,4,17,ORG,0.9744
1231357411346329601,dengue,43,49,MISC,0.9997
1231357413015642112,mundoeconflicto,4,19,ORG,0.7985
1231357413015642112,gobierno de italia,21,39,ORG,0.9998
1231357416383668225,soycalcio,4,13,ORG,0.9999
1231357416383668225,consejo de ministros,40,60,ORG,0.9999
1231357416383668225,italia,64,70,LOC,0.9999
1231357516849827840,actualidadrt,4,16,ORG,0.6327
1231357516849827840,eeuu,18,23,ORG,0.9992
1231357530477080578,coronavirus,0,11,MISC,0.9984
1231357530477080578,regione veneto,34,48,ORG,0.9996
1231357530477080578,gazzettino,74,84,ORG,0.9998
1231357530556764160,inter,13,18,ORG,0.9995
1231357530556764160,sampdoria,21,30,ORG,0.9991
1231357531722829827,finanzas,4,12,ORG,0.5167
1231357531722829827,coronavirus,19,30,MISC,0.4027
1231357531722829827,covid19,31,38,MISC,0.9985
1231357533648015362,informe21,4,13,ORG,0.9998
1231357533648015362,l√≠bano,15,21,ORG,0.9548
1231357533648015362,ir√°n,90,94,LOC,0.9998
1231357535610949633,actualidadrt,4,16,ORG,0.6327
1231357535610949633,eeuu,18,23,ORG,0.9992
1231357537812910080,oms,3,6,ORG,0.9999
1231357537812910080,china,67,72,LOC,0.9995
1231357543009656832,coronavirusesp,4,18,ORG,0.9946
1231357543009656832,italia,70,76,LOC,1.0
1231357543525605383,lombard√≠a,57,66,LOC,1.0
1231357543525605383,veneto,69,75,LOC,1.0
1231357543525605383,serie a,80,87,ORG,0.9996
1231357543525605383,inter-sampdoria,131,146,MISC,0.9234
1231357543525605383,verona-cagliari,148,163,MISC,0.973
1231357543525605383,atalanta-sassuolo,166,183,MISC,0.8533
1231357647816970240,tjcope,4,10,ORG,0.9965
1231357647816970240,vonrichetti,23,34,PER,0.7146
1231357647816970240,serie a,93,100,MISC,0.9983
1231357647816970240,inter,105,110,ORG,0.9999
1231357647816970240,sampdoria,114,123,ORG,0.9996
1231357647816970240,atalanta,129,137,ORG,0.9999
1231357648261480449,dejanirasilveir,4,19,PER,0.9903
1231357648261480449,venezuela,26,35,LOC,0.9994
1231357648261480449,tirania-china,39,52,MISC,0.9979
1231357648261480449,coro,133,137,ORG,0.8841
1231357649624686592,eris,4,8,ORG,0.9764
1231357649624686592,codogno,28,35,LOC,0.9998
1231357649624686592,italia,54,60,LOC,1.0
1231357649641447424,doctormosqueda,4,18,PER,0.9518
1231357649641447424,sars-cov-2,52,62,MISC,0.9998
1231357653571469314,lavozdelcalcio,4,18,ORG,0.8023
1231357653571469314,inter,33,38,ORG,0.9996
1231357653571469314,sampdoria,41,50,ORG,0.9993
1231357654632714240,italia,32,38,LOC,1.0
1231357654632714240,italia,113,119,LOC,1.0
1231357654632714240,a,144,145,MISC,0.5757
1231357657346297857,disneyland2go,4,17,ORG,0.9988
1231357665416294401,coronavirus,90,101,MISC,0.9999
1231357666267672576,actualidadrt,4,16,ORG,0.6327
1231357666267672576,eeuu,18,23,ORG,0.9992
1231357667614089216,coronavirus,41,52,MISC,1.0
1231357667614089216,china,62,67,LOC,0.9999
1231357668297728001,cosmelouisiana,4,18,PER,0.9901
1231357673896984576,aagulla,4,11,ORG,0.7822
1231357673896984576,espn,12,16,ORG,0.9033
1231357673896984576,italia,56,62,LOC,0.9999
1231357673896984576,coronavirus,98,109,MISC,0.9999
1231357673896984576,inter,111,116,ORG,0.9996
1231357673896984576,sampdoria√± verona,120,137,ORG,0.9999
1231357679152566277,seriea,18,24,MISC,0.9999
1231357679152566277,coronavirus,37,48,MISC,0.9999
1231357679152566277,primera,67,74,MISC,0.9999
1231357679723040769,monicasalazar13,4,19,PER,0.997
1231357679723040769,eeuu,21,26,ORG,0.998
1231357680805203969,shangh√°i,36,44,LOC,1.0
1231357681941782528,mundoeconflicto,4,19,ORG,0.7985
1231357681941782528,gobierno de italia,21,39,ORG,0.9998
1231360374768836608,ahora24h,2,10,ORG,0.9997
1231360374768836608,inter de,25,33,ORG,0.5741
1231360374768836608,alexis,34,40,PER,0.8002
1231360374768836608,serie a,47,54,MISC,0.9981
1231360378468208641,alertanews24,4,16,ORG,0.9661
1231360378468208641,italia,109,115,LOC,1.0
1231360382574497792,rtultimahora,4,16,ORG,0.9613
1231360382574497792,√∫ltima hora,18,29,MISC,0.9352
1231360384738742272,julioacarcamo,4,17,PER,0.9997
1231360386022043648,suecia,30,36,LOC,1.0
1231360389474082818,misskabuki,4,14,PER,0.7444
1231360390220701696,carrusel,4,12,ORG,0.7287
1231360390220701696,josedpalacio,41,53,ORG,0.6268
1231360390220701696,serie a,96,103,MISC,0.9988
1231360391604842498,rtultimahora,4,16,ORG,0.9613
1231360391604842498,√∫ltima hora,18,29,MISC,0.9352
1231360392925974531,marcoperillo,4,16,PER,0.7192
1231360392925974531,lombard√≠a,57,66,LOC,1.0
1231360392925974531,veneto,69,75,LOC,1.0
1231360392925974531,coron,133,138,MISC,0.9977
1231360394377285634,lavozdelcalcio,4,18,ORG,0.8023
1231360394377285634,inter,33,38,ORG,0.9996
1231360394377285634,sampdoria,41,50,ORG,0.9993
1231360397032263688,javier_alarcon,1,15,PER,0.9257
1231360397032263688,inter,126,131,ORG,0.9999
1231360397032263688,atalanta,134,142,ORG,0.9999
1231360397032263688,coronavirus,176,187,MISC,1.0
1231360397032263688,italia,191,197,LOC,0.9999
1231360399200661505,finanzas,4,12,ORG,0.8659
1231360399200661505,china,19,24,LOC,0.9921
1231360399200661505,covid19,40,47,MISC,0.9985
1231360399225782272,josemivn,4,12,PER,0.5626
1231360399225782272,mil√°n,35,40,LOC,0.9999
1231360399225782272,mil√°n,42,47,LOC,0.9995
1231360399225782272,monza,49,54,LOC,0.9998
1231360399225782272,gp italia,56,65,MISC,0.9999
1231360406746206211,rtultimahora,4,16,ORG,0.9613
1231360406746206211,√∫ltima hora,18,29,MISC,0.9352
1231360511448682502,elindepcom,4,14,ORG,0.9973
1231360511448682502,italia,27,33,LOC,0.9998
1231360515315785729,damianpachter,4,17,PER,0.7341
1231360515315785729,corea del sur,84,97,LOC,0.9999
1231360515315785729,tierra prometida,117,133,LOC,0.9885
1231360517542940672,mippcivzla,4,14,ORG,0.9969
1231360517542940672,italia,71,77,LOC,1.0
1231360517542940672,coronavirus,82,93,MISC,0.9999
1231360518759354370,espainews,4,13,ORG,0.924
1231360518759354370,italia,86,92,LOC,1.0
1231360519052890112,soycalcio,4,13,ORG,0.9999
1231360519052890112,inter,31,36,ORG,0.9999
1231360519052890112,sampdoria,82,91,ORG,0.9999
1231360519052890112,italia,124,130,LOC,0.9999
1231360519778525185,finanzas,4,12,ORG,0.9014
1231360519778525185,time,13,17,ORG,0.9368
1231360519778525185,italia,19,25,LOC,0.9997
1231360519778525185,coronavirus,29,40,MISC,0.7175
1231360519778525185,covid19,41,48,MISC,0.9995
1231360520726499329,cocuyochequea,0,13,MISC,0.9907
1231360520726499329,datoscoronavirus,193,209,MISC,0.998
1231360521028411392,corea del sur,0,13,LOC,0.9999
1231360527374454784,rtultimahora,4,16,ORG,0.9613
1231360527374454784,√∫ltima hora,18,29,MISC,0.9352
1231360530750660614,facebook,0,8,ORG,0.9999
1231360530750660614,playstation,11,22,ORG,0.9999
1231360530750660614,gdc 2020,37,45,MISC,0.9965
1231360532659105792,facebook,0,8,ORG,0.9999
1231360532659105792,playstation,11,22,ORG,0.9999
1231360532659105792,gdc 2020,37,45,MISC,0.9965
1231360533644759041,facebook,0,8,ORG,0.9999
1231360533644759041,playstation,11,22,ORG,0.9999
1231360533644759041,gdc 2020,37,45,MISC,0.9965
1231360536417382402,costa rica,113,123,LOC,1.0
1231360538338308099,italia,36,42,LOC,1.0
1231360538338308099,lombard√≠a,146,155,LOC,1.0
1231360539017658368,facebook,0,8,ORG,0.9999
1231360539017658368,playstation,11,22,ORG,0.9999
1231360539017658368,gdc 2020,37,45,MISC,0.9965
1231360637860794368,albertortegaes1,4,19,PER,0.9995
1231360637860794368,italia,56,62,LOC,0.9976
1231360637860794368,giuseppe conte,64,78,PER,0.9998
1231360637860794368,atalanta-sassuolo,105,122,ORG,0.9999
1231360637860794368,verona-cagli,127,139,ORG,0.9998
1231360640943566849,dw,4,6,ORG,0.992
1231360640943566849,italia,28,34,LOC,0.9604
1231360640943566849,it,135,137,LOC,0.9951
1231360648778571776,alertanews24,4,16,ORG,0.9693
1231360648778571776,üá®üá≥,18,20,LOC,0.9518
1231360648778571776,hubei,133,138,LOC,0.9999
1231360650120777728,finanzas,4,12,ORG,0.9014
1231360650120777728,time,13,17,ORG,0.9368
1231360650120777728,italia,19,25,LOC,0.9997
1231360650120777728,coronavirus,29,40,MISC,0.7175
1231360650120777728,covid19,41,48,MISC,0.9995
1231360651676745729,calciodepalma,4,17,ORG,0.9973
1231360651676745729,coronavirus,67,78,MISC,0.9999
1231360651676745729,atalanta,115,123,ORG,0.9771
1231360651676745729,sassuolo,128,136,ORG,0.9375
1231360651676745729,h,138,139,MISC,0.9159
1231360653635604483,italia,117,123,LOC,1.0
1231360654205997058,rtultimahora,4,16,ORG,0.9613
1231360654205997058,√∫ltima hora,18,29,MISC,0.9352
1231360663446052864,finanzas,4,12,ORG,0.7962
1231360663446052864,italia,19,25,LOC,0.9998
1231360663446052864,coronavirus,29,40,MISC,0.3798
1231360663446052864,covid19,41,48,MISC,0.994
1231360663446052864,serie a,59,66,MISC,0.9998
1231360663446052864,serie b,69,76,MISC,0.9997
1231360664964341766,alexelgrande75,4,18,PER,0.9944
1231360664985382916,pmarsupia,4,13,ORG,0.9708
1231360664985382916,italia,71,77,LOC,1.0
1231360667053154305,alertanews24,4,16,ORG,0.9551
1231360667053154305,üá∫üá¶,18,20,LOC,0.96
1231360667053154305,coronavirus,23,34,LOC,0.9982
1231360667053154305,ministro de salud de ucrania,39,67,PER,0.9845
1231360667472494592,finanzas,4,12,ORG,0.9123
1231360667472494592,time,13,17,ORG,0.7268
1231360667472494592,turqu√≠a,19,26,LOC,0.9999
1231360667472494592,covid19,42,49,MISC,0.9993
1231360667472494592,ciudad de van,54,67,LOC,0.9998
1231360667472494592,ir√°n,101,105,LOC,0.9999
1231360773089374208,lahistoriaec,4,16,ORG,0.6731
1231360773089374208,italia,35,41,LOC,1.0
1231360773567533056,coronavirus,13,24,MISC,0.9999
1231360773567533056,la danza macabra,88,104,MISC,0.9963
1231360775878594560,alf,4,7,ORG,0.9815
1231360775878594560,argzz,8,13,MISC,0.7809
1231360775878594560,coronav,131,138,MISC,0.9998
1231360776167919617,pedrodomg,4,13,ORG,0.9681
1231360776167919617,pum,15,18,MISC,0.7654
1231360776167919617,serie a,59,66,MISC,0.9991
1231360776167919617,italia,120,126,LOC,1.0
1231360781847007234,alertanews24,4,16,ORG,0.9661
1231360781847007234,italia,109,115,LOC,1.0
1231360785932267520,espainews,4,13,ORG,0.924
1231360785932267520,italia,86,92,LOC,1.0
1231360787626721280,epinternacional,4,19,ORG,0.9999
1231360787626721280,italia,43,49,LOC,0.9999
1231360787626721280,giuseppe conte,51,65,PER,0.9997
1231360787626721280,lombard√≠a,105,114,LOC,1.0
1231360787626721280,v√©neto,117,123,LOC,0.9999
1231360788880855041,coronavirusesp,4,18,ORG,0.9946
1231360788880855041,italia,70,76,LOC,1.0
1231360788931252225,finanzas,4,12,ORG,0.9002
1231360788931252225,coronavirus,19,30,MISC,0.5068
1231360788931252225,covid19,31,38,MISC,0.9976
1231360788931252225,contagio min 52,65,80,MISC,0.9992
1231360788931252225,wuhan,94,99,LOC,0.9999
1231360789853941760,tuiterosismico,4,18,ORG,0.5117
1231360789853941760,ir√°n,43,47,LOC,1.0
1231360789853941760,coronavirus 2019-ncov,86,107,MISC,0.9991
1231360792039170049,alertanews24,4,16,ORG,0.9888
1231360792039170049,coronavirus,33,44,MISC,0.9998
1231360792039170049,codogno,93,100,LOC,0.9999
1231360792039170049,"""castiglione dadda""",102,120,LOC,0.9999
1231360792039170049,casalpusterlengo,123,139,LOC,0.9999
1231360795839287302,santosiglesia,1,14,ORG,0.8194
1231360795839287302,china,122,127,LOC,0.9999
1231360796988452864,alertanews24,4,16,ORG,0.7795
1231360796988452864,üáÆüáπ,18,20,LOC,0.9006
1231360796988452864,coronavirus,33,44,LOC,0.9997
1231360796988452864,autoridades,46,57,ORG,0.5714
1231360798552985600,calciodepalma,4,17,ORG,0.9971
1231360798552985600,coronavirus,60,71,MISC,0.9999
1231360798552985600,serie a,101,108,MISC,0.9996
1231360798552985600,lombardia,124,133,LOC,1.0
1231360798552985600,ven,136,139,LOC,0.9998
1231360798666186753,finanzas,4,12,ORG,0.7962
1231360798666186753,italia,19,25,LOC,0.9998
1231360798666186753,coronavirus,29,40,MISC,0.3798
1231360798666186753,covid19,41,48,MISC,0.994
1231360798666186753,serie a,59,66,MISC,0.9998
1231360798666186753,serie b,69,76,MISC,0.9997
1231360888927637509,salud,4,9,MISC,0.9304
1231360888927637509,cz1,10,13,ORG,0.9982
1231360888927637509,esmeraldas,15,25,LOC,0.9999
1231360888927637509,distrito esmeraldas,41,60,ORG,0.9998
1231360896976531456,la_ser,4,10,ORG,0.9994
1231360896976531456,italia,75,81,LOC,1.0
1231360897786032129,cnnee,4,9,ORG,1.0
1231360897786032129,italia,48,54,LOC,1.0
1231360897865613314,newtral,4,11,ORG,0.4803
1231360897865613314,alonso,30,36,PER,0.9103
1231360897865613314,nahiara,37,44,PER,0.7063
1231360905453166592,albertortegaes1,4,19,PER,0.9995
1231360905453166592,italia,56,62,LOC,0.9976
1231360905453166592,giuseppe conte,64,78,PER,0.9998
1231360905453166592,atalanta-sassuolo,105,122,ORG,0.9999
1231360905453166592,verona-cagli,127,139,ORG,0.9998
1231360906992291840,rusia,0,5,ORG,0.9995
1231360906992291840,eeuu,55,60,ORG,0.9997
1231360907772493824,rusia,0,5,ORG,0.9988
1231360907772493824,eeuu,55,60,ORG,0.9995
1231360907772493824,afp,183,186,ORG,0.9999
1231360907772493824,mosc√∫,191,196,ORG,0.9936
1231360910268215297,coronavirusesp,4,18,ORG,0.733
1231360910268215297,gobierno de italia,35,53,ORG,0.9999
1231360910268215297,primera divisi√≥n,96,112,MISC,0.9999
1231360911581073409,alertanews24,4,16,ORG,0.9693
1231360911581073409,üá®üá≥,18,20,LOC,0.9518
1231360911581073409,hubei,133,138,LOC,0.9999
1231360914449928197,coronavirusesp,4,18,ORG,0.9898
1231360914449928197,china,63,68,LOC,1.0
1231360914449928197,üá®üá≥,69,71,LOC,0.8939
1231360917482483715,covid-19,42,50,MISC,0.9995
1231360920133218311,psoe,46,50,ORG,1.0
1231360920133218311,venezuela,78,87,ORG,0.9999
1231360920133218311,iglesias,91,99,PER,0.9998
1231360920133218311,cni,115,118,ORG,0.9996
1231360921538383873,pmarsupia,4,13,ORG,0.9944
1231360921538383873,italia,40,46,LOC,1.0
1231361023342448640,daniverdu,4,13,ORG,0.8703
1231361023342448640,italia,15,21,LOC,0.9956
1231361027234844672,clarincom,4,13,ORG,0.9934
1231361027234844672,ir√°n,15,19,LOC,0.9997
1231361030460182528,texas,15,20,LOC,1.0
1231361030460182528,economia,88,96,MISC,0.9817
1231361030917242881,peruenlanoticia,4,19,ORG,0.9881
1231361030917242881,rusia,21,26,ORG,0.9989
1231361030917242881,eeuu,76,81,ORG,0.9996
1231361031257120769,torren,4,10,PER,0.999
1231361031257120769,messi,14,19,PER,0.9996
1231361039356375041,coronavirusesp,4,18,ORG,0.9946
1231361039356375041,italia,70,76,LOC,1.0
1231361043617734656,instagram,64,73,MISC,0.9989
1231361044376903681,alertanews24,0,12,MISC,0.6463
1231361044376903681,üá®üá≥,14,16,LOC,0.8869
1231361047942062086,fatourgente,4,15,ORG,0.9959
1231361047942062086,hubei,30,35,LOC,0.9983
1231361047942062086,china,40,45,LOC,0.9998
1231361048176996353,actualidadrt,4,16,ORG,0.6071
1231361150719287296,espa√±a,38,44,LOC,0.9995
1231361150719287296,espa√±a,220,226,LOC,1.0
1231361150773792770,pmarsupia,4,13,ORG,0.9944
1231361150773792770,italia,40,46,LOC,1.0
1231361151465926656,china,24,29,ORG,0.9114
1231361156918448128,bitiiez,4,11,ORG,0.7891
1231361156918448128,the fact music awards,34,55,MISC,0.9999
1231361156918448128,bts,63,66,ORG,0.9995
1231361157988016128,m√©xico,2,8,LOC,1.0
1231361157988016128,mundial,32,39,MISC,0.9997
1231361165885943808,solbad030882,4,16,PER,0.6608
1231361165885943808,italia,75,81,LOC,0.9999
1231361165944643584,seriea,18,24,MISC,0.9999
1231361165944643584,coronavirus,37,48,MISC,0.9999
1231361165944643584,primera,67,74,MISC,0.9999
1231361168243073024,thecliniccl,4,15,ORG,0.9077
1231361168243073024,webeo,18,23,MISC,0.9874
1231361168243073024,jorge alis,62,72,PER,0.9999
1231361168243073024,coronavirus,100,111,MISC,0.9999
1231361169266499586,karenmaron,4,14,PER,0.5069
1231361169266499586,iran,82,86,LOC,1.0
1231361169266499586,coronav,131,138,MISC,0.917
1231361280306368512,coronavirus,4,15,ORG,0.995
1231361280306368512,serie a,66,73,MISC,0.9991
1231361280306368512,italia,122,128,LOC,0.9998
1231361280306368512,inter mi,131,139,ORG,0.8515
1231361286228848641,finanzas,4,12,ORG,0.9123
1231361286228848641,time,13,17,ORG,0.7268
1231361286228848641,turqu√≠a,19,26,LOC,0.9999
1231361286228848641,covid19,42,49,MISC,0.9993
1231361286228848641,ciudad de van,54,67,LOC,0.9998
1231361286228848641,ir√°n,101,105,LOC,0.9999
1231361286803533825,albertortegaes1,4,19,PER,0.9995
1231361286803533825,italia,56,62,LOC,0.9976
1231361286803533825,giuseppe conte,64,78,PER,0.9998
1231361286803533825,atalanta-sassuolo,105,122,ORG,0.9999
1231361286803533825,verona-cagli,127,139,ORG,0.9998
1231361293040463874,eljeringasloko,4,18,ORG,0.9992
1231361293040463874,coronavirus,42,53,MISC,0.9999
1231361293040463874,pinol,92,97,PER,0.9999
1231361295540199424,rtultimahora,4,16,ORG,0.9613
1231361295540199424,√∫ltima hora,18,29,MISC,0.9352
1231361297977106432,tierra,132,138,LOC,0.8759
1231361298102996993,coronavirus covid19,0,19,MISC,0.9947
1231361298102996993,m√©xico,86,92,LOC,1.0
1231361298790789120,coronavirus,4,15,ORG,0.995
1231361298790789120,serie a,66,73,MISC,0.9991
1231361298790789120,italia,122,128,LOC,0.9998
1231361298790789120,inter mi,131,139,ORG,0.8515
1231361300166475776,dejanirasilveir,4,19,PER,0.9903
1231361300166475776,venezuela,26,35,LOC,0.9994
1231361300166475776,tirania-china,39,52,MISC,0.9979
1231361300166475776,coro,133,137,ORG,0.8841
1231361302687371271,coronavirusesp,4,18,ORG,0.733
1231361302687371271,gobierno de italia,35,53,ORG,0.9999
1231361302687371271,primera divisi√≥n,96,112,MISC,0.9999
1231361305812127746,coronavirusesp,4,18,ORG,0.9898
1231361305812127746,china,63,68,LOC,1.0
1231361305812127746,üá®üá≥,69,71,LOC,0.8939
1231361305824526336,pinche,4,10,PER,0.9963
1231361305824526336,beer,11,15,PER,0.9986
1231361305824526336,coronavirus,18,29,MISC,0.9999
1231361305824526336,a,85,86,MISC,0.9828
1231361405384896512,hchtelevdigital,4,19,ORG,0.9968
1231361405384896512,autoridades,21,32,ORG,0.985
1231361405384896512,salud,36,41,ORG,0.7116
1231361405384896512,coronavirus,79,90,MISC,0.9999
1231361406966140929,coronavirus,4,15,ORG,0.995
1231361406966140929,serie a,66,73,MISC,0.9991
1231361406966140929,italia,122,128,LOC,0.9998
1231361406966140929,inter mi,131,139,ORG,0.8515
1231361409935523840,coronavirus,0,11,MISC,0.9781
1231361409935523840,italia,64,70,LOC,0.9999
1231361409935523840,italia,107,113,LOC,0.9999
1231361410828910594,italia,64,70,LOC,1.0
1231361410828910594,codogno,129,136,LOC,0.9999
1231361410828910594,italia,174,180,LOC,0.9999
1231361410883473408,italia,64,70,LOC,1.0
1231361410883473408,codogno,129,136,LOC,0.9999
1231361410883473408,italia,174,180,LOC,0.9999
1231361422162120704,hoymismotsi,4,15,ORG,0.9557
1231361422162120704,hoymismo honduras,17,34,ORG,0.8915
1231361422162120704,secretaria de salud,37,56,ORG,0.9999
1231361422162120704,taiw√°n,125,131,LOC,0.9999
1231361435445448704,italia,14,20,LOC,0.9993
1231361435797786625,santy15acevey,1,14,PER,0.9571
1231361435797786625,claryysenn,16,26,PER,0.4511
1231361437584457729,radioamericahn,4,18,ORG,0.9903
1231361437584457729,am√©ricanoticias,20,35,MISC,0.8682
1231361437584457729,honduras,36,44,LOC,0.9915
1231361437584457729,salud,61,66,MISC,0.9999
1231361437584457729,alba consuelo flores,68,88,PER,0.9999
1231364171884875778,torrupr,4,11,PER,0.9475
1231364171884875778,coronavirus,63,74,MISC,0.9999
1231364172425945093,ilindelatorremd,4,19,PER,0.9799
1231364173486948352,luis,4,8,PER,0.9675
1231364173486948352,italia,29,35,LOC,0.6519
1231364173583527942,corea del sur,61,74,LOC,0.9999
1231364175491977217,coronavirusesp,4,18,ORG,0.733
1231364175491977217,gobierno de italia,35,53,ORG,0.9999
1231364175491977217,primera divisi√≥n,96,112,MISC,0.9999
1231364177618460672,italia,53,59,LOC,1.0
1231364181565280256,pmarsupia,4,13,ORG,0.8175
1231364181565280256,china,64,69,LOC,0.9999
1231364182941093888,albertinrpre,4,16,PER,0.7299
1231364182941093888,italia,33,39,LOC,1.0
1231364184924880912,mippcivzla,4,14,ORG,0.9969
1231364184924880912,italia,71,77,LOC,1.0
1231364184924880912,coronavirus,82,93,MISC,0.9999
1231364187638714370,italia,17,23,LOC,1.0
1231364191866511360,corderopascual,4,18,ORG,0.996
1231364191866511360,italia,37,43,LOC,1.0
1231364196165726210,jorgebaravalle,4,18,PER,0.8793
1231364196165726210,serie a,23,30,ORG,0.988
1231364196165726210,italia,109,115,LOC,0.9999
1231364198724198400,coronavirus,4,15,ORG,0.9994
1231364198724198400,italia,72,78,LOC,1.0
1231364198929661952,jpaololeone,4,15,PER,0.9955
1231364198929661952,coronavirus,53,64,MISC,0.9999
1231364301572788224,alertanews24,4,16,ORG,0.8571
1231364301572788224,coronavirus,31,42,MISC,0.9999
1231364301572788224,oms,47,50,ORG,0.9999
1231364305133752320,california,0,10,LOC,0.9577
1231364305142059010,oms,12,15,ORG,0.9999
1231364305867509761,"carmen ""yul√≠n"" cruz",13,32,PER,0.9998
1231364306958245889,region2cl,4,13,ORG,0.9266
1231364306958245889,jetsmart,30,38,ORG,0.9997
1231364306958245889,trujillo,53,61,LOC,0.9996
1231364306958245889,peru,62,66,LOC,0.9998
1231364306958245889,santiago,81,89,LOC,1.0
1231364306958245889,antofagasta,102,113,LOC,1.0
1231364309344751617,mrlotario,4,13,PER,0.9805
1231364309344751617,elcacas,54,61,MISC,0.9999
1231364309344751617,coronavirus,104,115,MISC,0.9999
1231364309344751617,china,119,124,LOC,1.0
1231364313417420800,coronavirus,13,24,MISC,0.9999
1231364313417420800,oms,29,32,ORG,0.9999
1231364315321638913,coronavirus,9,20,MISC,0.9999
1231364315321638913,coronavirus,70,81,MISC,0.9997
1231364315514535936,ronald1969ht,4,16,PER,0.9975
1231364315514535936,wuhan,77,82,LOC,0.9999
1231364315514535936,china,84,89,LOC,1.0
1231364315514535936,covid-1,132,139,MISC,0.9999
1231364321281789952,mariabe22360758,4,19,PER,0.9768
1231364321281789952,coronavirus,21,32,MISC,0.9999
1231364322137399296,salud,4,9,ORG,0.9653
1231364322137399296,cz5,10,13,ORG,0.9996
1231364322137399296,santaelena,18,28,LOC,0.9999
1231364322137399296,terminal terrestre,62,80,LOC,0.9856
1231364322137399296,"""sumpa""",81,88,MISC,0.6696
1231364326390411264,coronavirusesp,4,18,ORG,0.9898
1231364326390411264,china,63,68,LOC,1.0
1231364326390411264,üá®üá≥,69,71,LOC,0.8939
1231364327103397888,hormigaxeneize,4,18,ORG,0.8894
1231364327103397888,tierra-563,20,30,MISC,0.9999
1231364327103397888,mundial,93,100,MISC,0.9999
1231364333000699904,seriea,46,52,MISC,0.9999
1231364333000699904,coronavirus,72,83,MISC,0.9999
1231364333000699904,italia,99,105,LOC,1.0
1231364333000699904,lombard√≠a,119,128,LOC,1.0
1231364333000699904,v√©neto,131,137,LOC,0.9999
1231364333000699904,internazionale,176,190,ORG,0.9998
1231364333000699904,sampdoria,193,202,ORG,0.9999
1231364333000699904,hellas verona,206,219,ORG,0.9999
1231364333000699904,cagliari,222,230,ORG,0.9998
1231364333000699904,atalanta,234,242,ORG,0.9999
1231364333000699904,sassuolo,245,253,ORG,0.9999
1231364333814329344,albertortegaes1,4,19,PER,0.9995
1231364333814329344,italia,56,62,LOC,0.9976
1231364333814329344,giuseppe conte,64,78,PER,0.9998
1231364333814329344,atalanta-sassuolo,105,122,ORG,0.9999
1231364333814329344,verona-cagli,127,139,ORG,0.9998
1231364336507117570,region2cl,4,13,ORG,0.9266
1231364336507117570,jetsmart,30,38,ORG,0.9997
1231364336507117570,trujillo,53,61,LOC,0.9996
1231364336507117570,peru,62,66,LOC,0.9998
1231364336507117570,santiago,81,89,LOC,1.0
1231364336507117570,antofagasta,102,113,LOC,1.0
1231364338230972419,elpaisuy,4,12,ORG,0.9395
1231364338230972419,italia,14,20,LOC,0.9999
1231364431013085185,finanzas,4,12,ORG,0.9014
1231364431013085185,time,13,17,ORG,0.9368
1231364431013085185,italia,19,25,LOC,0.9997
1231364431013085185,coronavirus,29,40,MISC,0.7175
1231364431013085185,covid19,41,48,MISC,0.9995
1231364434892906498,afpespanol,4,14,ORG,0.9999
1231364434892906498,hubei,114,119,LOC,0.999
1231364434892906498,afp,130,133,ORG,0.9794
1231364436792954880,finanzas,4,12,ORG,0.9014
1231364436792954880,time,13,17,ORG,0.9368
1231364436792954880,italia,19,25,LOC,0.9997
1231364436792954880,coronavirus,29,40,MISC,0.7175
1231364436792954880,covid19,41,48,MISC,0.9995
1231364450944520196,salud,4,9,MISC,0.4856
1231364450944520196,cz7,10,13,ORG,0.9946
1231364450944520196,eloro,15,20,ORG,0.9991
1231364450944520196,la cocha,72,80,LOC,0.9999
1231364450944520196,casacay,98,105,LOC,0.9997
1231364451875639296,finanzas_time,4,17,ORG,0.9701
1231364451875639296,wuhan,75,80,LOC,1.0
1231364458972360704,jatziri,4,11,ORG,0.5005
1231364461312794624,jeffersonntn24,1,15,PER,0.8787
1231364461312794624,lanochentn24,17,29,ORG,0.6404
1231364461312794624,china,126,131,LOC,1.0
1231364461312794624,dios,150,154,MISC,0.7682
1231364461312794624,dios,235,239,MISC,0.7125
1231364467054829568,aranchamobile,4,17,ORG,0.5866
1231364467054829568,serie a,46,53,MISC,0.9997
1231364467075801088,aagulla,4,11,ORG,0.7822
1231364467075801088,espn,12,16,ORG,0.9033
1231364467075801088,italia,56,62,LOC,0.9999
1231364467075801088,coronavirus,98,109,MISC,0.9999
1231364467075801088,inter,111,116,ORG,0.9996
1231364467075801088,sampdoria√± verona,120,137,ORG,0.9999
1231364556229955585,camicarballo03,1,15,PER,0.924
1231364559505707012,alertanews24,4,16,ORG,0.8571
1231364559505707012,coronavirus,31,42,MISC,0.9999
1231364559505707012,oms,47,50,ORG,0.9999
1231364562793963521,alertanews24,4,16,ORG,0.8571
1231364562793963521,coronavirus,31,42,MISC,0.9999
1231364562793963521,oms,47,50,ORG,0.9999
1231364567751675905,coronavirusesp,4,18,ORG,0.9877
1231364567751675905,wuhan,85,90,LOC,0.9999
1231364567898492928,oms,90,93,ORG,0.9999
1231364568208826369,santostrinidad,5,19,ORG,0.6489
1231364568208826369,gobierno de italia,24,42,ORG,0.9998
1231364572528959488,coronavirusesp,4,18,ORG,0.9946
1231364572528959488,italia,70,76,LOC,1.0
1231364575427252225,salud,4,9,ORG,0.925
1231364575427252225,cz7,10,13,ORG,0.9999
1231364575427252225,cebaf,82,87,LOC,0.7916
1231364575427252225,huaquillas,91,101,LOC,0.9999
1231364575427252225,per√∫,115,119,LOC,0.9998
1231364575427252225,fe,133,135,MISC,0.4345
1231364590115659778,todosporcali,4,16,ORG,0.8425
1231364590115659778,coronavirus,19,30,MISC,0.9997
1231364590115659778,italia,54,60,LOC,1.0
1231364590115659778,covid19,115,122,MISC,0.9999
1231364593605320706,mippcivzla,4,14,ORG,0.8009
1231364593605320706,üáªüá™,34,36,LOC,0.6601
1231364593605320706,venezuela para la cultura,36,61,ORG,0.9949
1231364593605320706,villegaspoljak,64,78,PER,0.9905
1231364593605320706,china,118,123,ORG,0.9996
1231364593777332224,miguel_boggiano,4,19,PER,0.9997
1231364593777332224,coronavirus,62,73,MISC,1.0
1231364593777332224,china,83,88,LOC,0.9999
1231364594024751105,coronavirus,11,22,MISC,0.9997
1231364594024751105,panama,29,35,LOC,1.0
1231364594024751105,carnaval,49,57,MISC,0.6631
1231364594024751105,panama,79,85,LOC,1.0
1231364594024751105,china,113,118,LOC,0.9998
1231364594024751105,holanda,143,150,LOC,1.0
1231364594024751105,panama,161,167,LOC,1.0
1231364594024751105,klm,172,175,ORG,0.9989
1231364594024751105,minsapma,232,240,ORG,0.9999
1231364594024751105,nitocortizo,255,266,PER,0.9856
1231364695002681344,region2cl,4,13,ORG,0.9266
1231364695002681344,jetsmart,30,38,ORG,0.9997
1231364695002681344,trujillo,53,61,LOC,0.9996
1231364695002681344,peru,62,66,LOC,0.9998
1231364695002681344,santiago,81,89,LOC,1.0
1231364695002681344,antofagasta,102,113,LOC,1.0
1231364699956154368,albertortegaes1,4,19,PER,0.9995
1231364699956154368,italia,56,62,LOC,0.9976
1231364699956154368,giuseppe conte,64,78,PER,0.9998
1231364699956154368,atalanta-sassuolo,105,122,ORG,0.9999
1231364699956154368,verona-cagli,127,139,ORG,0.9998
1231364702774734849,luisalf82940568,1,16,PER,0.9988
1231364703273832450,finanzas,4,12,ORG,0.7962
1231364703273832450,italia,19,25,LOC,0.9998
1231364703273832450,coronavirus,29,40,MISC,0.3798
1231364703273832450,covid19,41,48,MISC,0.994
1231364703273832450,serie a,59,66,MISC,0.9998
1231364703273832450,serie b,69,76,MISC,0.9997
1231364704540528643,italia,13,19,LOC,0.9731
1231364705740099587,wuhan,51,56,LOC,1.0
1231364705740099587,coronavirus,83,94,MISC,1.0
1231364709225500673,finanzas,4,12,ORG,0.6882
1231364709225500673,china,19,24,LOC,0.9997
1231364709225500673,covid19,40,47,MISC,0.999
1231364709225500673,great fi,128,136,MISC,0.7026
1231364713101058054,lanochentn24,4,16,ORG,0.9998
1231364713101058054,colombia,18,26,LOC,0.9839
1231364713101058054,"""operaci√≥n regreso a casa""",38,63,MISC,0.9157
1231364713830920192,gobierno,0,8,ORG,0.9992
1231364722328514562,bbcmundo,4,12,ORG,0.999
1231364722328514562,china,58,63,ORG,0.9936
1231364725637775360,rtultimahora,4,16,ORG,0.9613
1231364725637775360,√∫ltima hora,18,29,MISC,0.9352
1231364814083104768,alertanews24,4,16,ORG,0.8571
1231364814083104768,coronavirus,31,42,MISC,0.9999
1231364814083104768,oms,47,50,ORG,0.9999
1231364820206804997,salud,4,9,MISC,0.9849
1231364820206804997,prevenci√≥nessalud,15,32,MISC,0.7547
1231364820206804997,gobierno nacional,38,55,ORG,0.9999
1231364820525412352,italia,30,36,LOC,1.0
1231364825252536323,davidjordanhast,1,16,PER,0.9807
1231364825252536323,girautaoficial,18,32,PER,0.5858
1231364825252536323,calvo,47,52,PER,0.9635
1231364827001556995,coronavirusesp,4,18,ORG,0.733
1231364827001556995,gobierno de italia,35,53,ORG,0.9999
1231364827001556995,primera divisi√≥n,96,112,MISC,0.9999
1231364828322725888,efenoticias,4,15,ORG,0.9997
1231364828322725888,italia,30,36,LOC,0.8447
1231364828972777473,marioriveretti,4,18,PER,0.9984
1231364828972777473,oms,23,26,ORG,0.9998
1231364828972777473,oms,118,121,ORG,0.9999
1231364828972777473,oms,126,129,ORG,0.9999
1231364829476114432,üáÆüáπ,0,2,LOC,0.9658
1231364829476114432,italia,28,34,LOC,0.9703
1231364832298967043,eeuu,6,10,ORG,0.9999
1231364832298967043,rusia,19,24,ORG,0.9998
1231364836887580672,albertortegaes1,4,19,PER,0.9995
1231364836887580672,italia,56,62,LOC,0.9976
1231364836887580672,giuseppe conte,64,78,PER,0.9998
1231364836887580672,atalanta-sassuolo,105,122,ORG,0.9999
1231364836887580672,verona-cagli,127,139,ORG,0.9998
1231364839387389953,wuhan,90,95,LOC,1.0
1231364840599564295,oms,3,6,ORG,0.9998
1231364840599564295,coronavirus,34,45,MISC,1.0
1231364841971032068,finanzas,4,12,ORG,0.5913
1231364841971032068,china,19,24,LOC,0.9992
1231364841971032068,covid19,40,47,MISC,0.9991
1231364845561315335,efenoticias,4,15,ORG,0.9997
1231364845561315335,italia,30,36,LOC,0.8447
1231364854121975809,calcio,20,26,ORG,0.6805
1231364854121975809,inter-sampdoria,45,60,MISC,0.9909
1231364854121975809,atlanta-sassuolo,62,78,MISC,0.7856
1231364854121975809,hellas verona-cagliari,81,103,ORG,0.8737
1231364949152276480,afpespanol,4,14,ORG,0.9999
1231364949152276480,hubei,114,119,LOC,0.999
1231364949152276480,afp,130,133,ORG,0.9794
1231364950435737600,gobierno,22,30,ORG,0.9999
1231364950435737600,violenciainfantil,58,75,MISC,0.9968
1231364950435737600,gestaci√≥nsubrogada,115,133,MISC,0.9863
1231364963899465729,oms,12,15,ORG,0.9999
1231364965061349377,anonymuosn,4,14,ORG,0.6124
1231364965061349377,coronavirus,16,27,LOC,0.913
1231364965321318401,ntn24ve,4,11,ORG,0.9997
1231364965321318401,gobierno,13,21,ORG,0.9997
1231364969305911298,alertanews24,4,16,ORG,0.8571
1231364969305911298,coronavirus,31,42,MISC,0.9999
1231364969305911298,oms,47,50,ORG,0.9999
1231364970140569601,alertanews24,4,16,ORG,0.9693
1231364970140569601,üá®üá≥,18,20,LOC,0.9518
1231364970140569601,hubei,133,138,LOC,0.9999
1231364975534407680,hpas,4,8,ORG,0.5735
1231364975534407680,salud,9,14,ORG,0.8391
1231364975534407680,hpas,29,33,ORG,0.7604
1231364975534407680,salud,34,39,ORG,0.9838
1231364977296056320,ntn24ve,4,11,ORG,0.9997
1231364977296056320,gobierno,13,21,ORG,0.9997
1231364980009820164,inter,12,17,ORG,0.9996
1231364980009820164,alexis s√°nchez,20,34,PER,0.9999
1231364985768566785,afpespanol,4,14,ORG,0.9999
1231364985768566785,hubei,114,119,LOC,0.999
1231364985768566785,afp,130,133,ORG,0.9794
1231364985869217795,americanair,241,252,ORG,0.9996
1231364985869217795,aairwaves,254,263,ORG,0.9979
1231364986691313666,efenoticias,4,15,ORG,0.9997
1231364986691313666,italia,30,36,LOC,0.8447
1231364986905063424,anonymuosn,4,14,ORG,0.852
1231364986905063424,coronavirus,45,56,MISC,0.9999
1231364986905063424,coronavirus,92,103,MISC,0.9999
1231364986905063424,coronav,130,137,MISC,0.9945
1231365080341778433,china,74,79,ORG,0.9989
1231365084674482176,alertanews24,4,16,ORG,0.9006
1231365084674482176,üáÆüáπ,18,20,LOC,0.5572
1231365084674482176,italia,46,52,LOC,0.8994
1231365086540898304,larepublica,4,15,ORG,0.9953
1231365086540898304,italia,37,43,LOC,1.0
1231365089279840256,region2cl,4,13,ORG,0.9266
1231365089279840256,jetsmart,30,38,ORG,0.9997
1231365089279840256,trujillo,53,61,LOC,0.9996
1231365089279840256,peru,62,66,LOC,0.9998
1231365089279840256,santiago,81,89,LOC,1.0
1231365089279840256,antofagasta,102,113,LOC,1.0
1231365090533761024,mextransformado,4,19,ORG,0.9997
1231365090533761024,m√©xico,131,137,LOC,1.0
1231365092278784000,consejo de ministros,18,38,ORG,0.9999
1231365092278784000,italia,42,48,LOC,0.9999
1231365092278784000,lombard√≠a,114,123,LOC,1.0
1231365092278784000,v√©neto,126,132,LOC,0.9999
1231365092278784000,inter-sampdoria,171,186,ORG,0.9999
1231365092278784000,atalanta-sassuolo,189,206,ORG,0.9999
1231365092278784000,hellas-cagliari,209,224,ORG,0.9999
1231365093566406657,selvanegra400,4,17,PER,0.2665
1231365095080497154,redmasnoticias,4,18,ORG,0.9933
1231365095080497154,coronavirus,108,119,MISC,0.9999
1231365101489356801,efenoticias,4,15,ORG,0.9997
1231365101489356801,italia,30,36,LOC,0.8447
1231365108070219783,coronavirusesp,4,18,ORG,0.9514
1231365108070219783,china,44,49,LOC,0.9999
1231365109437652994,salud,4,9,ORG,0.8312
1231365109437652994,cz7,10,13,ORG,0.9989
1231365109437652994,feriadodecarnavalec,28,47,MISC,0.9999
1231365109437652994,dengue,125,131,MISC,0.9996
1231365110016479232,actualidadrt,4,16,ORG,0.8123
1231365110582652928,calciodepalma,4,17,ORG,0.9973
1231365110582652928,coronavirus,67,78,MISC,0.9999
1231365110582652928,atalanta,115,123,ORG,0.9771
1231365110582652928,sassuolo,128,136,ORG,0.9375
1231365110582652928,h,138,139,MISC,0.9159
1231365111270531075,andyrbnsn,4,13,PER,0.827
1231365116941217793,iaim,4,8,ORG,0.9998
1231365116941217793,infoiaim,13,21,MISC,0.989
1231365116941217793,coronavirus,54,65,MISC,0.9999
1231365116941217793,asia,69,73,LOC,1.0
1231365204258234370,alertanews24,4,16,ORG,0.9006
1231365204258234370,üáÆüáπ,18,20,LOC,0.5572
1231365204258234370,italia,46,52,LOC,0.8994
1231365205579399169,salud,4,9,MISC,0.4856
1231365205579399169,cz7,10,13,ORG,0.9946
1231365205579399169,eloro,15,20,ORG,0.9991
1231365205579399169,la cocha,72,80,LOC,0.9999
1231365205579399169,casacay,98,105,LOC,0.9997
1231365208322519040,efenoticias,4,15,ORG,0.9997
1231365208322519040,italia,30,36,LOC,0.8447
1231365219043201024,alertanews24,4,16,ORG,0.9429
1231365219043201024,coronavirus,33,44,MISC,0.9998
1231365219043201024,ir√°n,75,79,LOC,0.9999
1231365220167290880,alertanews24,4,16,ORG,0.9006
1231365220167290880,üáÆüáπ,18,20,LOC,0.5572
1231365220167290880,italia,46,52,LOC,0.8994
1231365220397977600,alertanews24,4,16,ORG,0.9006
1231365220397977600,üáÆüáπ,18,20,LOC,0.5572
1231365220397977600,italia,46,52,LOC,0.8994
1231365225259130881,alertanews24,4,16,ORG,0.9006
1231365225259130881,üáÆüáπ,18,20,LOC,0.5572
1231365225259130881,italia,46,52,LOC,0.8994
1231365227989651456,sanders,87,94,PER,0.9998
1231365228815933440,efenoticias,4,15,ORG,0.9997
1231365228815933440,italia,30,36,LOC,0.8447
1231365232015986689,finanzas,4,12,ORG,0.8971
1231365232015986689,time,13,17,ORG,0.9783
1231365232015986689,israel,19,25,LOC,0.9939
1231365232015986689,coronavirus,29,40,MISC,0.9606
1231365232015986689,covid19,41,48,MISC,0.9994
1231365232015986689,israel,69,75,LOC,0.9965
1231365232015986689,china,79,84,LOC,0.9999
1231365234776006656,alexis s√°nchez,33,47,PER,0.9999
1231365234796814337,abc,4,7,ORG,0.9996
1231365234796814337,mil√°n,38,43,LOC,0.9999
1231365234796814337,italia,90,96,LOC,1.0
1231365236432801793,italia,50,56,LOC,1.0
1231365236432801793,serie a,153,161,MISC,0.9994
1231365236432801793,inter,182,187,ORG,0.9999
1231365242048790528,aagulla,4,11,ORG,0.7822
1231365242048790528,espn,12,16,ORG,0.9033
1231365242048790528,italia,56,62,LOC,0.9999
1231365242048790528,coronavirus,98,109,MISC,0.9999
1231365242048790528,inter,111,116,ORG,0.9996
1231365242048790528,sampdoria√± verona,120,137,ORG,0.9999
1231365243483369472,finanzas,4,12,ORG,0.9014
1231365243483369472,time,13,17,ORG,0.9368
1231365243483369472,italia,19,25,LOC,0.9997
1231365243483369472,coronavirus,29,40,MISC,0.7175
1231365243483369472,covid19,41,48,MISC,0.9995
1231365243500138497,todosporcali,4,16,ORG,0.8425
1231365243500138497,coronavirus,19,30,MISC,0.9997
1231365243500138497,italia,54,60,LOC,1.0
1231365243500138497,covid19,115,122,MISC,0.9999
1231367958838022146,ir√°n,22,26,LOC,1.0
1231367958838022146,coronavirus,31,42,MISC,0.9999
1231367960687763456,itpprojects,4,15,ORG,0.9968
1231367960687763456,china,94,99,LOC,0.9832
1231367962495508481,calcio,20,26,ORG,0.6209
1231367962495508481,inter-sampdoria,45,60,MISC,0.9972
1231367962495508481,atlanta-sassuolo,62,78,MISC,0.9247
1231367962495508481,hellas verona-cagliari,81,103,ORG,0.6194
1231367964928155648,mippcivzla,4,14,ORG,0.8009
1231367964928155648,üáªüá™,34,36,LOC,0.6601
1231367964928155648,venezuela para la cultura,36,61,ORG,0.9949
1231367964928155648,villegaspoljak,64,78,PER,0.9905
1231367964928155648,china,118,123,ORG,0.9996
1231367966417211393,alertanews24,4,16,ORG,0.9006
1231367966417211393,üáÆüáπ,18,20,LOC,0.5572
1231367966417211393,italia,46,52,LOC,0.8994
1231367969877495809,andresgaviriac,4,18,PER,0.9999
1231367969877495809,coronavirus,43,54,MISC,0.9999
1231367969877495809,venezuela,58,67,LOC,1.0
1231367975745224705,efenoticias,4,15,ORG,0.9997
1231367975745224705,italia,30,36,LOC,0.8447
1231367976441589765,calciodepalma,4,17,ORG,0.9973
1231367976441589765,coronavirus,67,78,MISC,0.9999
1231367976441589765,atalanta,115,123,ORG,0.9771
1231367976441589765,sassuolo,128,136,ORG,0.9375
1231367976441589765,h,138,139,MISC,0.9159
1231367977649475586,bartoloprimera2,4,19,PER,0.9845
1231367977649475586,eeuu,21,25,ORG,0.923
1231367982695227393,alertanews24,4,16,ORG,0.9006
1231367982695227393,üáÆüáπ,18,20,LOC,0.5572
1231367982695227393,italia,46,52,LOC,0.8994
1231367985899753473,hormigaxeneize,4,18,ORG,0.8894
1231367985899753473,tierra-563,20,30,MISC,0.9999
1231367985899753473,mundial,93,100,MISC,0.9999
1231367993831120896,centralfut10,4,16,ORG,0.5601
1231367993831120896,coronavirus,44,55,MISC,0.9999
1231367993831120896,italia,59,65,LOC,1.0
1231367993831120896,b√©rgamo,81,88,LOC,0.9999
1231367999384412166,calciodepalma,4,17,ORG,0.9973
1231367999384412166,coronavirus,67,78,MISC,0.9999
1231367999384412166,atalanta,115,123,ORG,0.9771
1231367999384412166,sassuolo,128,136,ORG,0.9375
1231367999384412166,h,138,139,MISC,0.9159
1231367999573106688,aagulla,4,11,ORG,0.7822
1231367999573106688,espn,12,16,ORG,0.9033
1231367999573106688,italia,56,62,LOC,0.9999
1231367999573106688,coronavirus,98,109,MISC,0.9999
1231367999573106688,inter,111,116,ORG,0.9996
1231367999573106688,sampdoria√± verona,120,137,ORG,0.9999
1231367999678009344,elpitazotv,4,14,ORG,0.9918
1231367999678009344,ram√≥n rubio,16,27,PER,0.9999
1231367999678009344,colegio de m√©dicos de aragua,44,72,ORG,0.9979
1231368002177847296,coronavirus,26,37,MISC,0.9999
1231368002177847296,proteinacoronavirus,144,163,MISC,0.6836
1231368002177847296,sarscov2,179,187,MISC,0.9995
1231368002177847296,vacunacontracoronavirus virus,188,217,MISC,0.7125
1231368002249031680,mundodeportivo,4,18,ORG,0.9917
1231368002249031680,inter-sampdoria,25,40,MISC,0.9997
1231352986577833989,coronavirus,4,15,ORG,0.9994
1231352986577833989,italia,72,78,LOC,1.0
1231353015350763520,covid19,3,10,MISC,0.9999
1231353017380765696,pppenaloza,4,14,ORG,0.9183
1231353017380765696,hospital militar de aragua,16,42,ORG,0.9999
1231353017380765696,covid19,89,96,MISC,0.9998
1231353027367493632,voanoticias,4,15,ORG,0.9774
1231353027367493632,cdc,100,103,ORG,0.9998
1231353058526945281,coronavirusesp,4,18,ORG,0.9877
1231353058526945281,wuhan,85,90,LOC,0.9999
1231353148079583234,juliana,16,23,PER,0.4245
1231353148079583234,oms,127,130,ORG,0.9999
1231353154220052480,oms,191,194,ORG,0.9998
1231353165221593088,nicaraguavalor,4,18,ORG,0.9956
1231353165221593088,sosnicaragua,20,32,MISC,0.9918
1231353165221593088,nicaragua,33,42,LOC,0.9978
1231353165221593088,coronavirus,57,68,MISC,0.9999
1231353169281720320,codogno,22,29,LOC,1.0
1231353169281720320,italia,59,65,LOC,1.0
1231353177150283782,srrojialin,4,14,MISC,0.5137
1231353200785154050,wolfscarletx,1,13,PER,0.8691
1231353200785154050,rotabsol99,15,25,MISC,0.521
1231353200785154050,flamiteama,27,37,MISC,0.7681
1231353203205255168,cristoreyspain,4,18,PER,0.9898
1231353203205255168,italy,23,28,LOC,1.0
1231353203205255168,mil√°n,84,89,LOC,0.9999
1231353203205255168,turin,92,97,LOC,1.0
1231353203205255168,china,108,113,LOC,0.9998
1231353203205255168,korea,114,119,LOC,0.9998
1231353203205255168,francia,128,135,LOC,0.9999
1231353203205255168,eg,136,138,LOC,0.9998
1231353239620198400,tini,1,5,PER,0.9988
1231353244292657152,mippcivzla,4,14,ORG,0.7603
1231353277582737409,vipeopleclub,4,16,ORG,0.6498
1231353277582737409,china,30,35,LOC,1.0
1231353277582737409,coronavirus,55,66,MISC,0.9999
1231353278706987009,dean koontz,58,69,PER,0.9998
1231353278706987009,"""the eyes of darkness""",109,131,MISC,0.9884
1231353288739770370,mippcivzla,4,14,ORG,0.7603
1231353291541483520,guaynaa,4,11,PER,0.9925
1231353295366692864,italia,117,123,LOC,1.0
1231353296662728706,uninoticias,4,15,ORG,0.9997
1231353296662728706,diamond princess,63,79,MISC,0.9998
1231353296662728706,jap√≥n,83,88,LOC,1.0
1231353296662728706,eeuu,103,107,LOC,0.9997
1231353338140164096,descifraguerra,4,18,ORG,0.9846
1231353338140164096,primer ministro de italia,42,67,ORG,0.8066
1231353339503353858,pppenaloza,4,14,ORG,0.9183
1231353339503353858,hospital militar de aragua,16,42,ORG,0.9999
1231353339503353858,covid19,89,96,MISC,0.9998
1231353363192852481,vllinas,4,11,ORG,0.9919
1231353387641442304,pppenaloza,4,14,ORG,0.9183
1231353387641442304,hospital militar de aragua,16,42,ORG,0.9999
1231353387641442304,covid19,89,96,MISC,0.9998
1231353405626515456,finanzas,4,12,ORG,0.629
1231353405626515456,time,13,17,ORG,0.9221
1231353405626515456,covid19,31,38,MISC,0.9992
1231353421862768640,contraborrado,4,17,ORG,0.9989
1231353452925767681,mexico,92,98,LOC,0.9916
1231353452925767681,eeuu,99,103,LOC,0.6873
1231353452925767681,trump,104,109,ORG,0.9779
1231353452925767681,china,110,115,LOC,0.8519
1231353456729915393,vllinas,4,11,ORG,0.9919
1231353487784583169,vllinas,4,11,ORG,0.9919
1231353554813751298,alertanews24,4,16,ORG,0.9864
1231353554813751298,üá®üá≥,18,20,LOC,0.7688
1231353554813751298,coronavirus,23,34,LOC,0.9954
1231353554813751298,wuhan,36,41,ORG,0.9999
1231353558479646721,vllinas,1,8,ORG,0.823
1231353558479646721,luisnovaresio,10,23,PER,0.9767
1231353571981041665,petrogustavo,1,13,PER,0.4833
1231353571981041665,colombia,35,43,LOC,1.0
1231353591069315073,alertanews24,4,16,ORG,0.9215
1231353591069315073,üá¶üá™,18,20,LOC,0.9459
1231353591069315073,corinavirus,33,44,MISC,0.9998
1231353591069315073,emiratos √°rabes unidos,46,68,ORG,0.9999
1231353603291537408,tini,15,19,ORG,0.3617
1231353603291537408,italia milan,42,54,LOC,0.7747
1231353638955737089,italia,117,123,LOC,1.0
1231353655300894721,alertanews24,4,16,ORG,0.964
1231353655300894721,coronavirus,33,44,MISC,0.9999
1231353655300894721,tv,62,64,ORG,0.9857
1231353706672640000,joseplay999,16,27,PER,0.984
1231353716105715712,el,4,6,ORG,0.725
1231353716105715712,pais,7,11,ORG,0.8562
1231353716105715712,tur√≠n,80,85,LOC,0.9999
1231353749911801856,guaynaa,4,11,PER,0.9925
1231353840341061632,srrojialin,4,14,MISC,0.5137
1231353842022977536,elfinanciero,4,16,ORG,0.9466
1231353842022977536,italia,132,138,LOC,1.0
1231356472539385858,unadecrokhetas,1,15,PER,0.7706
1231356472539385858,ministerio de salud,34,53,ORG,0.9999
1231356472539385858,ministro,66,74,PER,0.9991
1231356488393859079,descifraguerra,4,18,ORG,0.9846
1231356488393859079,primer ministro de italia,42,67,ORG,0.8066
1231356511974281216,cristoreyspain,4,18,PER,0.9898
1231356511974281216,italy,23,28,LOC,1.0
1231356511974281216,mil√°n,84,89,LOC,0.9999
1231356511974281216,turin,92,97,LOC,1.0
1231356511974281216,china,108,113,LOC,0.9998
1231356511974281216,korea,114,119,LOC,0.9998
1231356511974281216,francia,128,135,LOC,0.9999
1231356511974281216,eg,136,138,LOC,0.9998
1231356520807485440,santiccoria,4,15,PER,0.4337
1231356527753203716,aicontepig,4,14,ORG,0.994
1231356527753203716,pablusky,34,42,MISC,0.9998
1231356552491216900,schrodingergata,1,16,PER,0.4555
1231356552491216900,pandemordor,18,29,PER,0.4795
1231356552491216900,shauntrack,31,41,PER,0.9187
1231356552491216900,alvinsch,43,51,PER,0.9986
1231356563924844545,se√±or romero,0,12,PER,0.9991
1231356563924844545,se√±or romero,33,45,PER,0.9996
1231356563924844545,gustavo aguado,53,67,PER,0.9999
1231356585135439874,descifraguerra,4,18,ORG,0.9846
1231356585135439874,primer ministro de italia,42,67,ORG,0.8066
1231356613824565248,selfieton,4,13,ORG,0.534
1231356613824565248,don herm√≥genes p√©rez de arce,53,81,PER,0.9999
1231356613824565248,yorechazo,82,91,MISC,0.974
1231356613824565248,noalanuevaconstitucion,92,114,MISC,0.9396
1231356640953348098,descifraguerra,4,18,ORG,0.9846
1231356640953348098,primer ministro de italia,42,67,ORG,0.8066
1231356646741417986,joseplay999,4,15,PER,0.9111
1231356646741417986,dean koontz,106,117,PER,1.0
1231356674935545859,finanzas,4,12,ORG,0.8342
1231356674935545859,time,13,17,ORG,0.8416
1231356674935545859,china,19,24,LOC,0.9961
1231356674935545859,covid19,40,47,MISC,0.9988
1231356674935545859,pandemia,93,101,MISC,0.9951
1231356688864706560,italia,117,123,LOC,1.0
1231356692065136642,lidamer99,1,10,MISC,0.6639
1231356703792410628,finanzas,4,12,ORG,0.9358
1231356703792410628,time,13,17,ORG,0.9966
1231356703792410628,ir√°n,19,23,LOC,0.9999
1231356703792410628,coronavirus,27,38,MISC,0.8533
1231356703792410628,covid19,39,46,MISC,0.9993
1231356703792410628,ir√°n,78,82,LOC,0.9999
1231356704077410304,juanfherrero,4,16,PER,0.3395
1231356704077410304,populismo4trero,21,36,MISC,0.7381
1231356726152253440,infopresidencia,1,16,ORG,0.9966
1231356726152253440,fuerzaaereacol,18,32,ORG,0.9998
1231356726152253440,carlosholmestru,34,49,PER,0.935
1231356726152253440,mindefensa,51,61,ORG,0.9769
1231356726152253440,fuerzasmilcol,63,76,ORG,0.9998
1231356757777276929,hubei,25,30,LOC,0.9999
1231356757777276929,china,34,39,LOC,1.0
1231356757777276929,li wenliang,101,112,PER,0.9998
1231356787950927872,descifraguerra,4,18,ORG,0.9846
1231356787950927872,primer ministro de italia,42,67,ORG,0.8066
1231356802601824256,ingmorrison,4,15,ORG,0.746
1231356802601824256,gripe,32,37,MISC,0.9979
1231356819249008646,amrubio,4,11,ORG,0.9921
1231356822797377536,ohlatinoamerica,4,19,ORG,0.9973
1231356822797377536,happy virus,65,76,MISC,0.9998
1231356832217739267,pristinahn,4,14,ORG,0.888
1231356832217739267,seguigurems,28,39,MISC,0.7353
1231356832217739267,honduras,91,99,LOC,0.9999
1231356832217739267,corona virus,107,119,MISC,0.998
1231356838664380417,reddeemergencia,4,19,ORG,0.9679
1231356838664380417,coronavir,129,138,MISC,0.9998
1231356855865180163,feral,1,6,PER,0.8718
1231356855865180163,jackpoke86,15,25,PER,0.5492
1231356861946978304,descifraguerra,4,18,ORG,0.9846
1231356861946978304,primer ministro de italia,42,67,ORG,0.8066
1231356876446674946,pppenaloza,4,14,ORG,0.9183
1231356876446674946,hospital militar de aragua,16,42,ORG,0.9999
1231356876446674946,covid19,89,96,MISC,0.9998
1231356915625734144,cura,49,53,LOC,0.9981
1231356915625734144,aragua,61,67,LOC,1.0
1231356915625734144,corona,87,93,MISC,0.9999
1231356926014959621,descifraguerra,4,18,ORG,0.9846
1231356926014959621,primer ministro de italia,42,67,ORG,0.8066
1231356935976505344,descifraguerra,4,18,ORG,0.9846
1231356935976505344,primer ministro de italia,42,67,ORG,0.8066
1231356940560760832,pppenaloza,4,14,ORG,0.9183
1231356940560760832,hospital militar de aragua,16,42,ORG,0.9999
1231356940560760832,covid19,89,96,MISC,0.9998
1231356957883273216,oksign2,4,11,ORG,0.9998
1231356957883273216,fema,13,17,ORG,0.7749
1231356957883273216,corona,18,24,MISC,0.9994
1231356957883273216,alabama,45,52,LOC,1.0
1231356959754014728,italia,16,22,LOC,0.9999
1231356986459148289,aguirael,1,9,PER,0.9997
1231356999037865985,lanathica,4,13,ORG,0.995
1231357022865625088,finanzas_time,4,17,ORG,0.9701
1231357022865625088,wuhan,75,80,LOC,1.0
1231357029165473792,cristoreyspain,4,18,PER,0.9898
1231357029165473792,italy,23,28,LOC,1.0
1231357029165473792,mil√°n,84,89,LOC,0.9999
1231357029165473792,turin,92,97,LOC,1.0
1231357029165473792,china,108,113,LOC,0.9998
1231357029165473792,korea,114,119,LOC,0.9998
1231357029165473792,francia,128,135,LOC,0.9999
1231357029165473792,eg,136,138,LOC,0.9998
1231357062594121733,elpitazotv,4,14,ORG,0.9987
1231357062594121733,hubei,41,46,LOC,0.9997
1231357062594121733,china,50,55,LOC,1.0
1231357062594121733,li wenliang,117,128,PER,0.9998
1231357066926870530,pppenaloza,4,14,ORG,0.9183
1231357066926870530,hospital militar de aragua,16,42,ORG,0.9999
1231357066926870530,covid19,89,96,MISC,0.9998
1231357070919847938,finanzas,4,12,ORG,0.9358
1231357070919847938,time,13,17,ORG,0.9966
1231357070919847938,ir√°n,19,23,LOC,0.9999
1231357070919847938,coronavirus,27,38,MISC,0.8533
1231357070919847938,covid19,39,46,MISC,0.9993
1231357070919847938,ir√°n,78,82,LOC,0.9999
1231357102041575426,dejanirasilveir,4,19,PER,0.9903
1231357102041575426,venezuela,26,35,LOC,0.9994
1231357102041575426,tirania-china,39,52,MISC,0.9979
1231357102041575426,coro,133,137,ORG,0.8841
1231357105824784385,saimonzero1,4,15,PER,0.8226
1231357105824784385,lakanirak,18,27,PER,0.5736
1231357105824784385,joseplay999,29,40,PER,0.6984
1231357105824784385,iran,41,45,LOC,1.0
1231357138775281670,guaynaa,4,11,PER,0.9925
1231357206022574080,cristoreyspain,4,18,PER,0.9898
1231357206022574080,italy,23,28,LOC,1.0
1231357206022574080,mil√°n,84,89,LOC,0.9999
1231357206022574080,turin,92,97,LOC,1.0
1231357206022574080,china,108,113,LOC,0.9998
1231357206022574080,korea,114,119,LOC,0.9998
1231357206022574080,francia,128,135,LOC,0.9999
1231357206022574080,eg,136,138,LOC,0.9998
1231357217410080768,happy jet coaster,32,49,MISC,0.9999
1231357217410080768,holy shit,52,61,MISC,0.9778
1231357217410080768,corona,122,128,MISC,0.9998
1231357217410080768,jun,155,158,PER,0.9998
1231357217972117511,italia,117,123,LOC,1.0
1231357227346415616,elpitazotv,4,14,ORG,0.9987
1231357227346415616,hubei,41,46,LOC,0.9997
1231357227346415616,china,50,55,LOC,1.0
1231357227346415616,li wenliang,117,128,PER,0.9998
1231357232908034062,wish,27,31,ORG,0.7003
1231357251853615106,pppenaloza,4,14,ORG,0.9183
1231357251853615106,hospital militar de aragua,16,42,ORG,0.9999
1231357251853615106,covid19,89,96,MISC,0.9998
1231357318018818048,world war z,198,209,MISC,0.9999
1231357318018818048,marc foster,212,223,PER,0.9997
1231357323194572802,joseplay999,16,27,PER,0.8512
1231357323194572802,imbaack2,29,37,MISC,0.994
1231357323194572802,china,66,71,LOC,0.9999
1231357331553865728,aldairrdz121,4,16,PER,0.9942
1231357384834060288,elpitazotv,4,14,ORG,0.9987
1231357384834060288,hubei,41,46,LOC,0.9997
1231357384834060288,china,50,55,LOC,1.0
1231357384834060288,li wenliang,117,128,PER,0.9998
1231357423996276737,alebasi,1,8,ORG,0.9974
1231357430145179648,tuasorella,1,11,PER,0.6308
1231357440115036160,italia,25,31,LOC,1.0
1231357472004333568,roxany,8,14,MISC,0.4925
1231357472004333568,hernanlarrain,17,30,PER,0.9968
1231357472004333568,uds,101,104,ORG,0.9999
1231357472004333568,hernanlarrain,108,121,PER,0.9981
1231357508440162304,coronavirusesp,4,18,ORG,0.9877
1231357508440162304,wuhan,85,90,LOC,0.9999
1231357511619338240,peruenlanoticia,4,19,ORG,0.9756
1231357511619338240,eeuu,101,106,ORG,0.9999
1231357519357992962,descifraguerra,4,18,ORG,0.9846
1231357519357992962,primer ministro de italia,42,67,ORG,0.8066
1231357526924517382,dannapaola,103,113,PER,0.9781
1231357571862343681,covid19,43,50,MISC,0.9999
1231357592733200388,buffettlibre,1,13,PER,0.2117
1231357592733200388,cobretti308,15,26,MISC,0.3008
1231357597674016775,finanzas,4,12,ORG,0.8831
1231357597674016775,china,19,24,LOC,0.9708
1231357597674016775,covid19,40,47,MISC,0.9989
1231357597674016775,china,94,99,ORG,0.9996
1231357605626306563,italia,11,17,LOC,1.0
1231357614967181313,descifraguerra,4,18,ORG,0.9846
1231357614967181313,primer ministro de italia,42,67,ORG,0.8066
1231357683040694272,pppenaloza,4,14,ORG,0.9183
1231357683040694272,hospital militar de aragua,16,42,ORG,0.9999
1231357683040694272,covid19,89,96,MISC,0.9998
1231357683900583936,pmarsupia,4,13,ORG,0.9944
1231357683900583936,italia,40,46,LOC,1.0
1231357685607649280,descifraguerra,4,18,ORG,0.9846
1231357685607649280,primer ministro de italia,42,67,ORG,0.8066
1231360264454447104,pmarsupia,4,13,ORG,0.9944
1231360264454447104,italia,40,46,LOC,1.0
1231360349733097472,pmarsupia,4,13,ORG,0.9944
1231360349733097472,italia,40,46,LOC,1.0
1231360380628328452,merlinrecargado,4,19,ORG,0.9256
1231360380628328452,china-corona,21,33,MISC,0.9932
1231360438383845376,descifraguerra,4,18,ORG,0.9846
1231360438383845376,primer ministro de italia,42,67,ORG,0.8066
1231360458088644615,corona,52,58,MISC,0.9999
1231360469530578944,marioriveretti,4,18,PER,0.9981
1231360469530578944,serie a,32,39,MISC,0.9997
1231360477374164993,descifraguerra,4,18,ORG,0.9904
1231360477374164993,covid19,63,70,MISC,0.9999
1231360478724730880,dejanirasilveir,4,19,PER,0.9903
1231360478724730880,venezuela,26,35,LOC,0.9994
1231360478724730880,tirania-china,39,52,MISC,0.9979
1231360478724730880,coro,133,137,ORG,0.8841
1231360479211245571,doctormosqueda,4,18,PER,0.8374
1231360479211245571,sars-cov-2,117,127,MISC,0.9996
1231360500140838914,singapur,34,42,LOC,1.0
1231360500140838914,malasia,229,236,LOC,1.0
1231360500140838914,corea del sur,239,252,LOC,0.9999
1231360519971446786,xiaomi,0,6,ORG,0.9999
1231360521082953728,eltiempo,1,9,ORG,0.9989
1231360525411536896,santiccoria,4,15,PER,0.4337
1231360550845788161,pmarsupia,4,13,ORG,0.9944
1231360550845788161,italia,40,46,LOC,1.0
1231360553668534273,italia,30,36,LOC,1.0
1231360564070408194,coronavius,0,10,MISC,0.9995
1231360564070408194,primer ministro de italia,14,39,ORG,0.9979
1231360564070408194,covid19,127,134,MISC,0.9999
1231360577605378048,efenoticias,4,15,ORG,0.9998
1231360577605378048,china,30,35,ORG,0.958
1231360663466934279,joseplay999,4,15,PER,0.9111
1231360663466934279,dean koontz,106,117,PER,1.0
1231360679296348161,marioriveretti,4,18,PER,0.9981
1231360679296348161,serie a,32,39,MISC,0.9997
1231360723122556930,ministrociencia,1,16,PER,0.3836
1231360725664378882,chequeado,4,13,PER,0.9984
1231360725664378882,vih,15,18,MISC,0.9964
1231360725664378882,argentina,60,69,LOC,1.0
1231360743628513281,guaynaa,4,11,PER,0.9925
1231360749320187910,f√©lix,25,30,PER,0.9998
1231360752625254400,ajajjs,39,45,MISC,0.9999
1231360781318590467,corona,3,9,MISC,0.5811
1231360781318590467,argentina,27,36,LOC,0.9952
1231360799395995650,dsimphony,4,13,ORG,0.9997
1231360799395995650,madrid,123,129,LOC,1.0
1231360867159158784,vllinas,4,11,ORG,0.9919
1231360874281152512,reddeemergencia,4,19,ORG,0.9679
1231360874281152512,coronavir,129,138,MISC,0.9998
1231360945773072384,pmarsupia,4,13,ORG,0.9944
1231360945773072384,italia,40,46,LOC,1.0
1231360950579683328,italia,17,23,LOC,1.0
1231360950579683328,italia,179,185,LOC,1.0
1231360950579683328,espa√±a,188,194,LOC,1.0
1231360950579683328,caribe,229,235,LOC,0.9996
1231360950579683328,isla,263,267,LOC,0.9999
1231360996935073792,joseplay999,4,15,PER,0.9111
1231360996935073792,dean koontz,106,117,PER,1.0
1231360998734532608,cristoreyspain,4,18,PER,0.9898
1231360998734532608,italy,23,28,LOC,1.0
1231360998734532608,mil√°n,84,89,LOC,0.9999
1231360998734532608,turin,92,97,LOC,1.0
1231360998734532608,china,108,113,LOC,0.9998
1231360998734532608,korea,114,119,LOC,0.9998
1231360998734532608,francia,128,135,LOC,0.9999
1231360998734532608,eg,136,138,LOC,0.9998
1231361017227116545,efenoticias,4,15,ORG,0.9998
1231361017227116545,china,30,35,ORG,0.958
1231361024248467456,descifraguerra,4,18,ORG,0.9846
1231361024248467456,primer ministro de italia,42,67,ORG,0.8066
1231361080733114375,cristoreyspain,4,18,PER,0.9898
1231361080733114375,italy,23,28,LOC,1.0
1231361080733114375,mil√°n,84,89,LOC,0.9999
1231361080733114375,turin,92,97,LOC,1.0
1231361080733114375,china,108,113,LOC,0.9998
1231361080733114375,korea,114,119,LOC,0.9998
1231361080733114375,francia,128,135,LOC,0.9999
1231361080733114375,eg,136,138,LOC,0.9998
1231361101918588930,pmarsupia,4,13,ORG,0.9944
1231361101918588930,italia,40,46,LOC,1.0
1231361110810472448,pmarsupia,4,13,ORG,0.9944
1231361110810472448,italia,40,46,LOC,1.0
1231361114753159168,fernando sim√≥n,27,41,PER,0.9999
1231361114753159168,d,48,49,PER,0.9999
1231361114753159168,g,51,53,PER,0.9999
1231361115537453057,wuhan hubeiprovince,75,94,LOC,0.9995
1231361120469909504,pppenaloza,4,14,ORG,0.9183
1231361120469909504,hospital militar de aragua,16,42,ORG,0.9999
1231361120469909504,covid19,89,96,MISC,0.9998
1231361137612075013,coronavirusesp,1,15,MISC,0.9717
1231361141290434561,ministeriosalud,4,19,ORG,0.9864
1231361160672358401,jenizaro11,4,14,PER,0.6054
1231361160672358401,chile,105,110,ORG,0.9948
1231361160672358401,onu,131,134,ORG,1.0
1231361196856676357,china,96,101,LOC,1.0
1231361218201423872,reddeemergencia,4,19,ORG,0.9679
1231361218201423872,coronavir,129,138,MISC,0.9998
1231361220235665408,descifraguerra,4,18,ORG,0.9846
1231361220235665408,primer ministro de italia,42,67,ORG,0.8066
1231361268277080064,almagoch,4,12,ORG,0.9819
1231361268277080064,vih,114,117,MISC,0.9975
1231361270961655808,coronavirusesp,4,18,ORG,0.9898
1231361270961655808,china,63,68,LOC,1.0
1231361270961655808,üá®üá≥,69,71,LOC,0.8939
1231361271821459456,dxrtysecret,1,12,MISC,0.7406
1231361272370753536,floresmtzhugo,4,17,PER,0.7099
1231361272370753536,joseantoniolo06,20,35,PER,0.9997
1231361272370753536,civ-19,100,106,MISC,0.9999
1231361338527621120,vllinas,4,11,ORG,0.9919
1231361344173150209,coronavius,15,25,MISC,0.9969
1231361344173150209,primer ministro de italia,29,54,ORG,0.9957
1231361381460533251,cansinoroyal,4,16,ORG,0.6995
1231361384765632513,efenoticias,4,15,ORG,0.9998
1231361384765632513,china,30,35,ORG,0.958
1231361399370194944,anonymuosn,4,14,ORG,0.8929
1231361399370194944,wuhan,81,86,LOC,0.9999
1231361435483230208,guaynaa,4,11,PER,0.9925
1231364064036761601,ilindelatorremd,4,19,ORG,0.9886
1231364064036761601,corea del sur,97,110,LOC,0.9999
1231364064036761601,singapur,112,120,LOC,1.0
1231364064036761601,ir√°n,123,127,LOC,1.0
1231364079417282565,alertanews24,4,16,ORG,0.8571
1231364079417282565,coronavirus,31,42,MISC,0.9999
1231364079417282565,oms,47,50,ORG,0.9999
1231364084328779777,alertanews24,4,16,ORG,0.8571
1231364084328779777,coronavirus,31,42,MISC,0.9999
1231364084328779777,oms,47,50,ORG,0.9999
1231364090888687618,alertanews24,4,16,ORG,0.8571
1231364090888687618,coronavirus,31,42,MISC,0.9999
1231364090888687618,oms,47,50,ORG,0.9999
1231364094286061568,alertanews24,4,16,ORG,0.8571
1231364094286061568,coronavirus,31,42,MISC,0.9999
1231364094286061568,oms,47,50,ORG,0.9999
1231364095011672070,candido_res,4,15,PER,0.9488
1231364097377214467,chile,71,76,LOC,1.0
1231364097851219968,gatology,4,12,ORG,0.9173
1231364097851219968,sanchezcastejon,24,39,PER,0.9158
1231364097851219968,espa√±a,86,92,LOC,1.0
1231364106751479808,dejanirasilveir,4,19,PER,0.9903
1231364106751479808,venezuela,26,35,LOC,0.9994
1231364106751479808,tirania-china,39,52,MISC,0.9979
1231364106751479808,coro,133,137,ORG,0.8841
1231364107552673797,alertanews24,4,16,ORG,0.8571
1231364107552673797,coronavirus,31,42,MISC,0.9999
1231364107552673797,oms,47,50,ORG,0.9999
1231364113206513666,alertanews24,4,16,ORG,0.8571
1231364113206513666,coronavirus,31,42,MISC,0.9999
1231364113206513666,oms,47,50,ORG,0.9999
1231364121494532099,alertanews24,4,16,ORG,0.8571
1231364121494532099,coronavirus,31,42,MISC,0.9999
1231364121494532099,oms,47,50,ORG,0.9999
1231364136870825987,finanzas,4,12,ORG,0.7015
1231364136870825987,china,19,24,LOC,0.9992
1231364136870825987,coronavirus,28,39,MISC,0.5925
1231364136870825987,covid19,40,47,MISC,0.9992
1231364142138888193,alertanews24,4,16,ORG,0.8571
1231364142138888193,coronavirus,31,42,MISC,0.9999
1231364142138888193,oms,47,50,ORG,0.9999
1231364152054222850,alertanews24,4,16,ORG,0.8571
1231364152054222850,coronavirus,31,42,MISC,0.9999
1231364152054222850,oms,47,50,ORG,0.9999
1231364159452930049,alertanews24,4,16,ORG,0.8571
1231364159452930049,coronavirus,31,42,MISC,0.9999
1231364159452930049,oms,47,50,ORG,0.9999
1231364166935568386,pppenaloza,4,14,ORG,0.9183
1231364166935568386,hospital militar de aragua,16,42,ORG,0.9999
1231364166935568386,covid19,89,96,MISC,0.9998
1231364169636732931,alertanews24,4,16,ORG,0.8571
1231364169636732931,coronavirus,31,42,MISC,0.9999
1231364169636732931,oms,47,50,ORG,0.9999
1231364200389398529,pppenaloza,4,14,ORG,0.9183
1231364200389398529,hospital militar de aragua,16,42,ORG,0.9999
1231364200389398529,covid19,89,96,MISC,0.9998
1231364220064845830,alertanews24,4,16,ORG,0.8571
1231364220064845830,coronavirus,31,42,MISC,0.9999
1231364220064845830,oms,47,50,ORG,0.9999
1231364223030243328,anonymuosn,4,14,ORG,0.8929
1231364223030243328,wuhan,81,86,LOC,0.9999
1231364240239480833,santostrinidad,5,19,PER,0.9712
1231364240239480833,fernando sim√≥n,48,62,PER,0.9999
1231364240239480833,d,69,70,PER,0.9999
1231364240239480833,g,72,74,PER,0.9999
1231364255099711488,alertanews24,4,16,ORG,0.8571
1231364255099711488,coronavirus,31,42,MISC,0.9999
1231364255099711488,oms,47,50,ORG,0.9999
1231364274406281216,alertanews24,4,16,ORG,0.8571
1231364274406281216,coronavirus,31,42,MISC,0.9999
1231364274406281216,oms,47,50,ORG,0.9999
1231364278684454912,alertanews24,4,16,ORG,0.8571
1231364278684454912,coronavirus,31,42,MISC,0.9999
1231364278684454912,oms,47,50,ORG,0.9999
1231364283038097410,coronavirusesp,4,18,ORG,0.9898
1231364283038097410,china,63,68,LOC,1.0
1231364283038097410,üá®üá≥,69,71,LOC,0.8939
1231364285646770176,alertanews24,4,16,ORG,0.8571
1231364285646770176,coronavirus,31,42,MISC,0.9999
1231364285646770176,oms,47,50,ORG,0.9999
1231364290600456192,rtultimahora,14,26,ORG,0.9885
1231364290600456192,actualidadrt,28,40,MISC,0.9691
1231364330991607808,observatoriodmc,4,19,ORG,0.9625
1231364330991607808,onu,25,28,ORG,0.9999
1231364330991607808,oms,65,68,ORG,0.9999
1231364330991607808,china,79,84,ORG,0.9999
1231364340403625985,pmarsupia,4,13,ORG,0.9944
1231364340403625985,italia,40,46,LOC,1.0
1231364356950122496,alertanews24,4,16,ORG,0.8571
1231364356950122496,coronavirus,31,42,MISC,0.9999
1231364356950122496,oms,47,50,ORG,0.9999
1231364357088587777,merlinrecargado,4,19,ORG,0.9256
1231364357088587777,china-corona,21,33,MISC,0.9932
1231364377602904066,alertanews24,4,16,ORG,0.8571
1231364377602904066,coronavirus,31,42,MISC,0.9999
1231364377602904066,oms,47,50,ORG,0.9999
1231364380811579393,finanzas,4,12,ORG,0.555
1231364380811579393,coronavirus,19,30,MISC,0.9996
1231364380811579393,india,125,130,LOC,1.0
1231364380811579393,√°frica,132,138,LOC,1.0
1231364382443102208,heliodoptero,1,13,PER,0.955
1231364398637289473,pppenaloza,4,14,ORG,0.9183
1231364398637289473,hospital militar de aragua,16,42,ORG,0.9999
1231364398637289473,covid19,89,96,MISC,0.9998
1231364400134737921,alertanews24,4,16,ORG,0.8571
1231364400134737921,coronavirus,31,42,MISC,0.9999
1231364400134737921,oms,47,50,ORG,0.9999
1231364408745644038,italiulloa13,4,16,PER,0.397
1231364408745644038,panama,36,42,LOC,1.0
1231364411002097666,alertanews24,4,16,ORG,0.8571
1231364411002097666,coronavirus,31,42,MISC,0.9999
1231364411002097666,oms,47,50,ORG,0.9999
1231364445378695168,descifraguerra,4,18,ORG,0.9846
1231364445378695168,primer ministro de italia,42,67,ORG,0.8066
1231364465490374661,cristoreyspain,4,18,PER,0.9898
1231364465490374661,italy,23,28,LOC,1.0
1231364465490374661,mil√°n,84,89,LOC,0.9999
1231364465490374661,turin,92,97,LOC,1.0
1231364465490374661,china,108,113,LOC,0.9998
1231364465490374661,korea,114,119,LOC,0.9998
1231364465490374661,francia,128,135,LOC,0.9999
1231364465490374661,eg,136,138,LOC,0.9998
1231364492509970433,coronavirus,4,15,ORG,0.9994
1231364492509970433,italia,72,78,LOC,1.0
1231364500571459585,alertanews24,4,16,ORG,0.8571
1231364500571459585,coronavirus,31,42,MISC,0.9999
1231364500571459585,oms,47,50,ORG,0.9999
1231364516195295232,alertanews24,4,16,ORG,0.8571
1231364516195295232,coronavirus,31,42,MISC,0.9999
1231364516195295232,oms,47,50,ORG,0.9999
1231364519542317056,alertanews24,4,16,ORG,0.8571
1231364519542317056,coronavirus,31,42,MISC,0.9999
1231364519542317056,oms,47,50,ORG,0.9999
1231364526316097536,wuhan,22,27,LOC,1.0
1231364526316097536,china,29,34,LOC,1.0
1231364526316097536,corona,89,95,MISC,0.9999
1231364526316097536,hugo_gutierrez,181,195,PER,0.9982
1231364526316097536,carmen,198,204,PER,0.9993
1231364526316097536,hertz,205,210,PER,0.9995
1231364526316097536,senadornavarro,212,226,PER,0.9611
1231364526316097536,guillier,228,236,PER,0.9918
1231364526316097536,daniel,238,244,PER,0.993
1231364526316097536,jadue,245,250,PER,0.9988
1231364526316097536,lavinjoaquin,252,264,PER,0.9723
1231364535220686848,alertanews24,4,16,ORG,0.8571
1231364535220686848,coronavirus,31,42,MISC,0.9999
1231364535220686848,oms,47,50,ORG,0.9999
1231364536051150849,sarlinov,4,12,PER,0.7278
1231364536051150849,wuhan,36,41,LOC,1.0
1231364536051150849,china,43,48,LOC,1.0
1231364536051150849,corona,103,109,MISC,0.9999
1231364536994795520,vllinas,4,11,ORG,0.9919
1231364541457600512,aicontepig,4,14,ORG,0.994
1231364541457600512,pablusky,34,42,MISC,0.9998
1231364601448669184,alertanews24,4,16,ORG,0.8571
1231364601448669184,coronavirus,31,42,MISC,0.9999
1231364601448669184,oms,47,50,ORG,0.9999
1231364609979887617,alertanews24,4,16,ORG,0.8571
1231364609979887617,coronavirus,31,42,MISC,0.9999
1231364609979887617,oms,47,50,ORG,0.9999
1231364610395123718,alertanews24,4,16,ORG,0.8571
1231364610395123718,coronavirus,31,42,MISC,0.9999
1231364610395123718,oms,47,50,ORG,0.9999
1231364640954834950,jeffersonntn24,1,15,ORG,0.8989
1231364640954834950,lanochentn24,17,29,ORG,0.9998
1231364640954834950,colombia,45,53,LOC,0.9999
1231364649129566214,descifraguerra,4,18,ORG,0.9846
1231364649129566214,primer ministro de italia,42,67,ORG,0.8066
1231364668222058498,efenoticias,4,15,ORG,0.9998
1231364668222058498,china,30,35,ORG,0.958
1231364730893340672,ffloresm,4,12,ORG,0.9782
1231364730893340672,hubei,54,59,LOC,0.9998
1231364730893340672,covid19,78,85,MISC,0.9999
1231364780386115585,alertanews24,4,16,ORG,0.8571
1231364780386115585,coronavirus,31,42,MISC,0.9999
1231364780386115585,oms,47,50,ORG,0.9999
1231364803861434369,alertanews24,4,16,ORG,0.8571
1231364803861434369,coronavirus,31,42,MISC,0.9999
1231364803861434369,oms,47,50,ORG,0.9999
1231364834891005952,davidtorrespub,4,18,PER,0.9165
1231364834891005952,corona,20,26,MISC,0.9988
1231364838338834432,pppenaloza,4,14,ORG,0.9183
1231364838338834432,hospital militar de aragua,16,42,ORG,0.9999
1231364838338834432,covid19,89,96,MISC,0.9998
1231364861554253824,joseplay999,4,15,PER,0.9111
1231364861554253824,dean koontz,106,117,PER,1.0
1231364875655483392,alertanews24,4,16,ORG,0.8571
1231364875655483392,coronavirus,31,42,MISC,0.9999
1231364875655483392,oms,47,50,ORG,0.9999
1231364878755147777,santiccoria,4,15,PER,0.4337
1231364882014130178,alertanews24,4,16,ORG,0.8571
1231364882014130178,coronavirus,31,42,MISC,0.9999
1231364882014130178,oms,47,50,ORG,0.9999
1231364883599503361,santiccoria,4,15,PER,0.4337
1231364891862347776,alertanews24,4,16,ORG,0.8571
1231364891862347776,coronavirus,31,42,MISC,0.9999
1231364891862347776,oms,47,50,ORG,0.9999
1231364892868911113,cassandracass50,4,19,PER,0.6863
1231364892868911113,coronavirusdesconocen,82,104,MISC,1.0
1231364898707451909,alertanews24,4,16,ORG,0.8571
1231364898707451909,coronavirus,31,42,MISC,0.9999
1231364898707451909,oms,47,50,ORG,0.9999
1231364959998705664,abc,1,4,ORG,0.9979
1231364959998705664,abckioskoymas,9,22,ORG,0.9592
1231364972510355458,guaynaa,4,11,PER,0.9925
1231364982048264198,iamclig,4,11,ORG,0.9346
1231364995738460160,vllinas,4,11,ORG,0.9919
1231364995797127168,sectorsalud,4,15,ORG,0.9627
1231364995797127168,quenosecontagieladesinformaci√≥n,17,48,MISC,0.9942
1231364995797127168,colombia,54,62,LOC,1.0
1231365007998377989,fpatriarcal,4,15,ORG,0.9638
1231365016177324033,alertanews24,4,16,ORG,0.8571
1231365016177324033,coronavirus,31,42,MISC,0.9999
1231365016177324033,oms,47,50,ORG,0.9999
1231365024393895936,santiccoria,4,15,PER,0.4337
1231365026478460930,pppenaloza,4,14,ORG,0.9183
1231365026478460930,hospital militar de aragua,16,42,ORG,0.9999
1231365026478460930,covid19,89,96,MISC,0.9998
1231365085320355842,descifraguerra,4,18,ORG,0.9846
1231365085320355842,primer ministro de italia,42,67,ORG,0.8066
1231365090022129664,wuhan,47,52,LOC,0.9995
1231365126768427008,alertanews24,4,16,ORG,0.8571
1231365126768427008,coronavirus,31,42,MISC,0.9999
1231365126768427008,oms,47,50,ORG,0.9999
1231365138349019138,efenoticias,4,15,ORG,0.9999
1231365138349019138,hubei,53,58,LOC,0.9997
1231365138349019138,sa,136,138,MISC,0.9991
1231365149778497536,mippcivzla,4,14,ORG,0.7603
1231365160813694978,descifraguerra,4,18,ORG,0.9846
1231365160813694978,primer ministro de italia,42,67,ORG,0.8066
1231365176961585152,corona,13,19,MISC,0.9047
1231365178853351425,alertanews24,4,16,ORG,0.8571
1231365178853351425,coronavirus,31,42,MISC,0.9999
1231365178853351425,oms,47,50,ORG,0.9999
1231365186331779081,amrubio,4,11,PER,0.4791
1231365186331779081,coronavirus,34,45,MISC,0.9027
1231365186331779081,covid19  sarscov2,46,63,MISC,0.9641
1231365190140223488,cacas,58,63,LOC,0.7783
1231365208771366912,merlinrecargado,4,19,ORG,0.9256
1231365208771366912,china-corona,21,33,MISC,0.9932
1231365216434257923,chile,33,38,LOC,0.9657
1231365236202115072,pppenaloza,4,14,ORG,0.9183
1231365236202115072,hospital militar de aragua,16,42,ORG,0.9999
1231365236202115072,covid19,89,96,MISC,0.9998
1231365240257949696,jap√≥n,118,123,LOC,0.9999
1231365244200595456,ffloresm,4,12,ORG,0.9782
1231365244200595456,hubei,54,59,LOC,0.9998
1231365244200595456,covid19,78,85,MISC,0.9999
1231367850293694464,monicasalazar13,4,19,PER,0.897
1231367850293694464,mil√°n,47,52,LOC,0.9999
1231367850293694464,italia,99,105,LOC,1.0
1231367850293694464,tur,136,139,LOC,1.0
1231367853670117381,albernap,4,12,ORG,0.9988
1231367853670117381,oms,104,107,ORG,0.9999
1231367864721997825,pppenaloza,4,14,ORG,0.9183
1231367864721997825,hospital militar de aragua,16,42,ORG,0.9999
1231367864721997825,covid19,89,96,MISC,0.9998
1231367869759475712,yalosabes,227,236,MISC,0.999
1231367872380833794,coronavirusesp,4,18,ORG,0.9898
1231367872380833794,china,63,68,LOC,1.0
1231367872380833794,üá®üá≥,69,71,LOC,0.8939
1231367893654425601,alertanews24,4,16,ORG,0.8571
1231367893654425601,coronavirus,31,42,MISC,0.9999
1231367893654425601,oms,47,50,ORG,0.9999
1231367899979362305,italia,117,123,LOC,1.0
1231367906887446529,fpatriarcal,4,15,ORG,0.9638
1231367916832075776,jap√≥n 2020,114,124,LOC,0.4322
1231367919940046853,iutteotupatron,4,18,ORG,0.3432
1231367919940046853,melissaalex2001,21,36,PER,0.962
1231367938155913216,alertanews24,4,16,ORG,0.8571
1231367938155913216,coronavirus,31,42,MISC,0.9999
1231367938155913216,oms,47,50,ORG,0.9999
1231367940303458309,santiccoria,4,15,PER,0.4337
1231367956376018947,pppenaloza,4,14,ORG,0.9183
1231367956376018947,hospital militar de aragua,16,42,ORG,0.9999
1231367956376018947,covid19,89,96,MISC,0.9998
1231367965280477185,roxany,8,14,MISC,0.4925
1231367965280477185,hernanlarrain,17,30,PER,0.9968
1231367965280477185,uds,101,104,ORG,0.9999
1231367965280477185,hernanlarrain,108,121,PER,0.9981
1231368008339206146,alertanews24,4,16,ORG,0.8571
1231368008339206146,coronavirus,31,42,MISC,0.9999
1231368008339206146,oms,47,50,ORG,0.9999
1231368024768249862,resilenre,4,13,ORG,0.9773
1231368032028676097,alertanews24,4,16,ORG,0.8571
1231368032028676097,coronavirus,31,42,MISC,0.9999
1231368032028676097,oms,47,50,ORG,0.9999
1231368051003658240,irak,0,4,ORG,0.9999
1231368051909681152,guaynaa,4,11,PER,0.9925
1231368059031519233,finanzas,4,12,ORG,0.8342
1231368059031519233,time,13,17,ORG,0.8416
1231368059031519233,china,19,24,LOC,0.9961
1231368059031519233,covid19,40,47,MISC,0.9988
1231368059031519233,pandemia,93,101,MISC,0.9951
1231368065583108096,alertanews24,4,16,ORG,0.8571
1231368065583108096,coronavirus,31,42,MISC,0.9999
1231368065583108096,oms,47,50,ORG,0.9999
