Tweet_ID,Sentiment_Label,Logits_Neutral,Logits_Positive,Logits_Negative
1219907618308706304,neutral,2.0359482765197754,0.606082022190094,0.0018540360033512115
1219907709002227712,neutral,2.3009395599365234,0.322623074054718,0.5798771381378174
1219907741524942853,positive,0.9938908815383911,1.6086195707321167,0.9482126235961914
1219907779105718272,negative,1.773313045501709,-1.026619791984558,1.9881349802017212
1219907798571659264,negative,1.02338707447052,-0.15986406803131104,1.301781177520752
1219907813268389888,negative,1.1213204860687256,-0.9405770897865295,2.1099979877471924
1219907843400392704,negative,1.1213204860687256,-0.9405770897865295,2.1099979877471924
1219907963646693376,neutral,2.20570707321167,1.9265637397766113,0.25301507115364075
1219908086158319616,neutral,2.3009395599365234,0.322623074054718,0.5798771381378174
1219908151446769665,neutral,1.7882384061813354,0.9641505479812622,0.4281917214393616
1219908183025684481,neutral,1.2609225511550903,1.0319904088974,0.22060023248195648
1219908196631924737,neutral,2.8878846168518066,1.2702183723449707,-0.4111851751804352
1219908321341083649,negative,1.6517651081085205,-0.7334061861038208,2.0981411933898926
1219908325103501315,neutral,1.4547525644302368,0.5279403328895569,0.8804230690002441
1219908416170274816,neutral,2.9681811332702637,0.09213769435882568,0.4772261083126068
1219908420427345920,neutral,2.1265909671783447,0.2836989760398865,-0.11014736443758011
1219908441533288448,neutral,1.444543719291687,0.1242150217294693,0.2714623510837555
1219908473455988737,neutral,3.030184030532837,1.3019397258758545,-0.6521380543708801
1219908619312889856,neutral,2.3009395599365234,0.322623074054718,0.5798771381378174
1219908664389181440,positive,0.8404192328453064,0.8972703218460083,0.5432829856872559
1219908669090873345,negative,1.1366499662399292,-0.2602938413619995,1.4821579456329346
1219908748170403840,neutral,1.9246894121170044,-0.15252065658569336,0.9528380036354065
1219908748405198848,neutral,1.6988145112991333,-0.7075049877166748,1.4829059839248657
1219908805334421505,positive,1.2790110111236572,2.263085126876831,-0.10012102872133255
1219908843523780608,neutral,2.9182674884796143,0.5523548126220703,-0.14184021949768066
1219908860737212417,neutral,2.3009395599365234,0.322623074054718,0.5798771381378174
1219908953427017728,negative,0.7271686792373657,0.48711785674095154,1.3191335201263428
1219909009601220608,neutral,2.11761212348938,1.1900793313980103,-0.15828479826450348
1219909078228652038,neutral,2.4132137298583984,-0.14418268203735352,0.2081940919160843
1219909108297621504,neutral,2.2264387607574463,-0.8902267217636108,1.4816299676895142
1219909227428315143,neutral,2.6270101070404053,-0.36582106351852417,0.6517468094825745
1219909267936989184,neutral,2.859893321990967,0.9824090003967285,-0.6249338984489441
1219909331589582848,neutral,1.9642726182937622,-0.28783586621284485,0.6430538296699524
1219909342461214721,neutral,1.3736681938171387,0.04386744275689125,0.5683220028877258
1219909369984376832,neutral,2.3009395599365234,0.322623074054718,0.5798771381378174
1219909399822471168,neutral,1.9246894121170044,-0.15252065658569336,0.9528380036354065
1219909634695188481,neutral,2.9681811332702637,0.09213769435882568,0.4772261083126068
1219909675002494977,neutral,2.2408945560455322,0.9635175466537476,0.03698091581463814
1219909685735804928,negative,1.1779398918151855,-0.49510642886161804,1.591120719909668
1219909707638484992,neutral,1.30964994430542,0.05875749513506889,0.8272491097450256
1219909801582321664,neutral,2.9681811332702637,0.09213769435882568,0.4772261083126068
1219909826375028737,neutral,2.2412025928497314,-0.08579915016889572,0.923041582107544
1219909829050789888,neutral,1.7707289457321167,0.907505214214325,1.1298540830612183
1219909942741753856,neutral,2.0703415870666504,0.28938931226730347,0.46739524602890015
1219909966758281216,negative,1.6440213918685913,-0.7007716298103333,1.925136923789978
1219910040603095040,negative,1.0629435777664185,0.3172203004360199,1.1972373723983765
1219910055106990086,neutral,2.9681811332702637,0.09213769435882568,0.4772261083126068
1219910089999601664,neutral,2.0926177501678467,0.6128312945365906,-0.2978283166885376
1219910100598448129,negative,0.9372661113739014,-0.8816920518875122,2.5561695098876953
1219910138322128896,neutral,1.5583770275115967,-0.7090031504631042,1.276383638381958
1219910139886686209,negative,0.9291718006134033,-0.9126198887825012,2.5583231449127197
1219910149642473472,negative,0.29188188910484314,0.7306671738624573,0.9188718199729919
1219910171188744197,neutral,1.6245850324630737,-0.036141537129879,0.7009921073913574
1219910239375568896,negative,1.926514983177185,-0.8163242340087891,2.020876884460449
1219910283830804480,neutral,2.459608793258667,-0.04611063748598099,0.5489318370819092
1219910300507525121,neutral,1.8423024415969849,-0.17949733138084412,1.3382112979888916
1219910309533536256,neutral,2.1402347087860107,0.19089707732200623,0.7064688801765442
1219910333554233344,neutral,2.9681811332702637,0.09213769435882568,0.4772261083126068
1219910343498973184,neutral,2.1402347087860107,0.19089707732200623,0.7064688801765442
1219910401816715264,neutral,2.2906060218811035,2.2555530071258545,-0.2673179507255554
1219910425724145664,neutral,2.1402347087860107,0.19089707732200623,0.7064688801765442
1219910429734055936,neutral,1.690911889076233,0.21463781595230103,0.7502011656761169
1219910460415381504,neutral,1.30964994430542,0.05875749513506889,0.8272491097450256
1219910466505330688,neutral,2.1402347087860107,0.19089707732200623,0.7064688801765442
1219910475065937920,neutral,2.1402347087860107,0.19089707732200623,0.7064688801765442
1219910513553035264,neutral,1.5583770275115967,-0.7090031504631042,1.276383638381958
1219910530296467456,neutral,1.8441011905670166,0.6945598125457764,0.5875606536865234
1219910537670098944,neutral,2.1402347087860107,0.19089707732200623,0.7064688801765442
1219910545064763393,neutral,2.0922892093658447,-0.12620696425437927,1.2075393199920654
1219910557009973248,neutral,2.1402347087860107,0.19089707732200623,0.7064688801765442
1219910558595665920,neutral,2.589458703994751,0.8028995394706726,0.1412363350391388
1219910622353059840,negative,1.2812786102294922,-0.8350138664245605,2.6662650108337402
1219910636848549888,neutral,2.1402347087860107,0.19089707732200623,0.7064688801765442
1219910644624805888,neutral,2.1402347087860107,0.19089707732200623,0.7064688801765442
1219910697607475200,neutral,1.729276418685913,-0.46102556586265564,1.4378784894943237
1219910707996696576,neutral,2.0109126567840576,-0.07811059802770615,1.0299608707427979
1219910709040959488,neutral,2.1402347087860107,0.19089707732200623,0.7064688801765442
1219910762769993729,neutral,2.1402347087860107,0.19089707732200623,0.7064688801765442
1219910765169147904,neutral,2.1402347087860107,0.19089707732200623,0.7064688801765442
1219910768998547458,neutral,2.1402347087860107,0.19089707732200623,0.7064688801765442
1219910778607693824,neutral,2.1402347087860107,0.19089707732200623,0.7064688801765442
1219910829652398080,neutral,2.107865810394287,0.9932345747947693,0.32559311389923096
1219910905409884161,neutral,1.6911154985427856,0.5332322716712952,0.23793184757232666
1219910924858884096,neutral,1.9212974309921265,0.6733497381210327,0.35033315420150757
1219910953669726208,neutral,1.9738702774047852,0.6276033520698547,-0.1683684140443802
1219910957012529153,negative,1.3268870115280151,-1.0106252431869507,2.7921645641326904
1219910971939885056,neutral,2.1402347087860107,0.19089707732200623,0.7064688801765442
1219911013920841728,positive,1.1814872026443481,1.5832384824752808,-0.1292506605386734
1219911053611499520,positive,0.5074766874313354,0.770128071308136,0.26577311754226685
1219911125392736260,neutral,1.9442126750946045,0.743558943271637,0.20354002714157104
1219911146578284545,neutral,0.8698864579200745,0.8175538182258606,-0.182893767952919
1219911152609583104,neutral,2.1402347087860107,0.19089707732200623,0.7064688801765442
1219911155700731907,neutral,1.6844758987426758,1.535929560661316,0.6310791373252869
1219911168111861760,negative,1.3372219800949097,-0.796562910079956,2.543574810028076
1219911173400743936,neutral,2.1402347087860107,0.19089707732200623,0.7064688801765442
1219911185845248000,neutral,2.1402347087860107,0.19089707732200623,0.7064688801765442
1219911190668664832,neutral,1.5483381748199463,0.5305524468421936,-0.0058577824383974075
1219911191277031424,negative,1.4037046432495117,-0.14096009731292725,1.8457900285720825
1219911206439280640,neutral,2.1402347087860107,0.19089707732200623,0.7064688801765442
1219911250227785728,positive,0.8404192328453064,0.8972703218460083,0.5432829856872559
1219911306104492032,neutral,1.829330563545227,-0.15314951539039612,1.474918007850647
1219911354993106945,neutral,1.63618803024292,0.1543627679347992,0.5882886648178101
1219911356729712640,positive,0.9896917343139648,0.9931620359420776,0.607386589050293
1219911377487187974,neutral,2.6270101070404053,-0.36582106351852417,0.6517468094825745
1219911393320636416,neutral,2.1472575664520264,-0.8550549149513245,1.479151964187622
1219911399213879296,neutral,2.9182674884796143,0.5523548126220703,-0.14184021949768066
1219911430918434816,neutral,2.1402347087860107,0.19089707732200623,0.7064688801765442
1219911441215393792,neutral,1.895660400390625,0.25585833191871643,0.8053545951843262
1219911443191095296,neutral,2.6270101070404053,-0.36582106351852417,0.6517468094825745
1219911484748099585,neutral,2.0282821655273438,0.03717908263206482,0.8038762807846069
1219911488128741376,neutral,2.1402347087860107,0.19089707732200623,0.7064688801765442
1219911493849731072,positive,0.8404192328453064,0.8972703218460083,0.5432829856872559
1219911498073378817,neutral,1.891181230545044,0.673227846622467,1.488896131515503
1219911502460678144,neutral,1.7709182500839233,0.9056471586227417,-0.06220528483390808
1219911504860000256,negative,0.6997681856155396,0.23124417662620544,1.0894051790237427
1219911528050069504,neutral,1.543954610824585,-0.6097880601882935,1.157029628753662
1219911588490203137,positive,2.011368989944458,2.1696360111236572,0.20328766107559204
1219911602025029633,neutral,1.381155014038086,0.5490856766700745,0.08902724832296371
1219911644291248128,neutral,2.7580416202545166,0.8998091816902161,-0.2047239989042282
1219911709751676928,neutral,2.1402347087860107,0.19089707732200623,0.7064688801765442
1219911736251289600,negative,1.1366499662399292,-0.2602938413619995,1.4821579456329346
1219911740634173440,neutral,1.4071460962295532,1.0788657665252686,0.07961629331111908
1219911842723553283,neutral,2.4154906272888184,-0.2320556640625,0.8674857020378113
1219911851875561473,neutral,2.9681811332702637,0.09213769435882568,0.4772261083126068
1219911885585174528,neutral,2.1402347087860107,0.19089707732200623,0.7064688801765442
1219911894678425600,neutral,1.798947811126709,-0.07803506404161453,1.3058016300201416
1219911906506358784,neutral,2.065016984939575,0.28651219606399536,-0.1397472769021988
1219911908246970368,neutral,2.234564781188965,0.17760193347930908,0.6103110313415527
1219911908540596226,neutral,2.234564781188965,0.17760193347930908,0.6103110313415527
1219911910465794050,neutral,2.234564781188965,0.17760193347930908,0.6103110313415527
1219911916224761856,neutral,1.6389918327331543,0.7826468348503113,0.13304339349269867
1219911921928830977,neutral,2.234564781188965,0.17760193347930908,0.6103110313415527
1219911938949468161,neutral,2.036965847015381,0.8584033250808716,0.42121630907058716
1219911959702798336,neutral,2.743269443511963,0.5817039012908936,0.04332421347498894
1219911960688377856,neutral,2.1402347087860107,0.19089707732200623,0.7064688801765442
1219912036257292289,negative,1.1366499662399292,-0.2602938413619995,1.4821579456329346
1219912039415631872,neutral,2.1402347087860107,0.19089707732200623,0.7064688801765442
1219912042221490176,neutral,2.1402347087860107,0.19089707732200623,0.7064688801765442
1219912060592517120,neutral,2.1402347087860107,0.19089707732200623,0.7064688801765442
1219912117907685376,neutral,2.234564781188965,0.17760193347930908,0.6103110313415527
1219912134265462784,neutral,2.3383448123931885,0.34924325346946716,0.15474055707454681
1219912143828606977,neutral,2.234564781188965,0.17760193347930908,0.6103110313415527
1219912177089314817,positive,1.8489952087402344,2.026512622833252,-0.40257081389427185
1219912215869837312,neutral,2.1402347087860107,0.19089707732200623,0.7064688801765442
1219912222639521793,negative,1.5234837532043457,-0.5428902506828308,1.587242603302002
1219912224329715712,neutral,2.1402347087860107,0.19089707732200623,0.7064688801765442
1219912224384241664,negative,1.1732934713363647,-0.3833724558353424,1.4265166521072388
1219912242147155968,neutral,2.234564781188965,0.17760193347930908,0.6103110313415527
1219912244181364736,neutral,2.6270101070404053,-0.36582106351852417,0.6517468094825745
1219912274594295811,neutral,2.1402347087860107,0.19089707732200623,0.7064688801765442
1219912275055636481,neutral,2.1402347087860107,0.19089707732200623,0.7064688801765442
1219912305229672448,neutral,1.729276418685913,-0.46102556586265564,1.4378784894943237
1219912330013597696,neutral,2.1402347087860107,0.19089707732200623,0.7064688801765442
1219912334241497088,neutral,2.9681811332702637,0.09213769435882568,0.4772261083126068
1219912351207456769,neutral,3.252451181411743,1.760020136833191,-1.0123909711837769
1219912370664898563,neutral,2.202458143234253,0.9776923060417175,-0.01748918555676937
1219912388087955457,neutral,2.234564781188965,0.17760193347930908,0.6103110313415527
1219912392559058944,neutral,2.1402347087860107,0.19089707732200623,0.7064688801765442
1219912398389141504,neutral,2.228803873062134,-0.6267180442810059,1.3591638803482056
1219912416139464705,neutral,2.1402347087860107,0.19089707732200623,0.7064688801765442
1219912477842034688,negative,1.3395578861236572,-0.28783735632896423,1.7918349504470825
1219912490051502080,negative,0.901379406452179,1.1467431783676147,1.3696961402893066
1219912500101165057,neutral,1.5583770275115967,-0.7090031504631042,1.276383638381958
1219912509101969408,neutral,1.6851189136505127,1.4261013269424438,-0.06699156016111374
1219912524109357057,negative,1.4636768102645874,-0.9253751039505005,2.193087577819824
1219912558418616320,neutral,2.234564781188965,0.17760193347930908,0.6103110313415527
1219912571207110657,negative,1.540827989578247,-0.5683128237724304,1.8010717630386353
1219912593130885120,neutral,2.3009395599365234,0.322623074054718,0.5798771381378174
1219912594774880256,neutral,2.234564781188965,0.17760193347930908,0.6103110313415527
1219912633660264448,neutral,2.234564781188965,0.17760193347930908,0.6103110313415527
1219912672285605888,neutral,1.4754084348678589,-0.4805188477039337,1.240494966506958
1219912672994455552,neutral,2.1402347087860107,0.19089707732200623,0.7064688801765442
1219912674550734853,negative,1.3159008026123047,-0.5150788426399231,1.669669270515442
1219912680472895488,neutral,2.1402347087860107,0.19089707732200623,0.7064688801765442
1219912703621222405,neutral,2.1402347087860107,0.19089707732200623,0.7064688801765442
1219912718305521664,neutral,2.234564781188965,0.17760193347930908,0.6103110313415527
1219912730993315841,neutral,2.234564781188965,0.17760193347930908,0.6103110313415527
1219912733056831488,negative,1.5591514110565186,-0.8333944082260132,2.431920289993286
1219912738681393152,neutral,2.234564781188965,0.17760193347930908,0.6103110313415527
1219912768003956737,negative,1.2398216724395752,0.1528831422328949,1.4940032958984375
1219912781845225472,neutral,2.6270101070404053,-0.36582106351852417,0.6517468094825745
1219912786505019393,neutral,1.6118409633636475,0.3727576732635498,0.1404140740633011
1219912799108968448,neutral,1.7613396644592285,0.09338846057653427,0.6970613598823547
1219912800035844096,neutral,2.6270101070404053,-0.36582106351852417,0.6517468094825745
1219912811654066176,neutral,1.4689040184020996,0.2717915177345276,0.240728959441185
1219912897553301504,neutral,2.1402347087860107,0.19089707732200623,0.7064688801765442
1219912919002972160,neutral,2.234564781188965,0.17760193347930908,0.6103110313415527
1219912919120478210,neutral,2.234564781188965,0.17760193347930908,0.6103110313415527
1219912962208456704,neutral,2.234564781188965,0.17760193347930908,0.6103110313415527
1219913033184464897,neutral,2.1402347087860107,0.19089707732200623,0.7064688801765442
1219913058056724480,neutral,2.1402347087860107,0.19089707732200623,0.7064688801765442
1219913063249219584,neutral,2.1402347087860107,0.19089707732200623,0.7064688801765442
1219913066420129792,neutral,2.9681811332702637,0.09213769435882568,0.4772261083126068
1219913072191475713,neutral,1.6988145112991333,-0.7075049877166748,1.4829059839248657
1219913077220470785,negative,1.1793705224990845,-0.3270374536514282,1.9493907690048218
1219913097252524034,neutral,2.1402347087860107,0.19089707732200623,0.7064688801765442
1219913107197308929,neutral,2.3009395599365234,0.322623074054718,0.5798771381378174
1219913125513834497,neutral,2.234564781188965,0.17760193347930908,0.6103110313415527
1219913155784015873,neutral,1.9246894121170044,-0.15252065658569336,0.9528380036354065
1219913164088926208,neutral,1.895660400390625,0.25585833191871643,0.8053545951843262
1219913181184684032,neutral,1.9212974309921265,0.6733497381210327,0.35033315420150757
1219913215750082560,positive,1.1473345756530762,1.3908255100250244,0.3821074366569519
1219913220707586050,neutral,2.1402347087860107,0.19089707732200623,0.7064688801765442
1219913222427267074,neutral,2.1402347087860107,0.19089707732200623,0.7064688801765442
1219913255570640896,neutral,2.1402347087860107,0.19089707732200623,0.7064688801765442
1219913279189004288,neutral,1.30964994430542,0.05875749513506889,0.8272491097450256
1219913285505515522,neutral,2.6270101070404053,-0.36582106351852417,0.6517468094825745
1219913300068073473,neutral,2.1402347087860107,0.19089707732200623,0.7064688801765442
1219913341520400384,neutral,2.1402347087860107,0.19089707732200623,0.7064688801765442
1219913351410733057,neutral,2.1834216117858887,1.8045800924301147,-0.018922219052910805
1219913380401541120,neutral,2.9182674884796143,0.5523548126220703,-0.14184021949768066
1219913391785086978,neutral,2.234564781188965,0.17760193347930908,0.6103110313415527
1219913400857157632,neutral,2.1402347087860107,0.19089707732200623,0.7064688801765442
1219913407324966912,neutral,2.683643341064453,-0.5099683403968811,0.9551945328712463
1219913412068573184,neutral,2.1402347087860107,0.19089707732200623,0.7064688801765442
1219913430813024261,negative,1.4444657564163208,-0.730540931224823,1.901699423789978
1219913446201929729,negative,1.3029049634933472,-0.8640532493591309,1.971121907234192
1219913454196158464,neutral,1.8369265794754028,0.1963612139225006,1.0114082098007202
1219913455471230982,neutral,2.1402347087860107,0.19089707732200623,0.7064688801765442
1219913478393061376,neutral,1.9212974309921265,0.6733497381210327,0.35033315420150757
1219913481706622976,neutral,1.7224448919296265,1.1599490642547607,0.25187239050865173
1219913488849440768,neutral,2.234564781188965,0.17760193347930908,0.6103110313415527
1219913551168638976,negative,0.8676723837852478,-0.5621426105499268,2.3485331535339355
1219913560379158528,neutral,2.052509069442749,0.2778189480304718,1.0672783851623535
1219913579719286786,neutral,2.202458143234253,0.9776923060417175,-0.01748918555676937
1219913587189145600,neutral,2.3236641883850098,0.03531051054596901,0.5925586223602295
1219913612816351232,neutral,2.1402347087860107,0.19089707732200623,0.7064688801765442
1219913623780429825,neutral,1.3613495826721191,-0.2903054356575012,1.337158203125
1219913639236259841,neutral,2.234564781188965,0.17760193347930908,0.6103110313415527
1219913640368902145,neutral,2.234564781188965,0.17760193347930908,0.6103110313415527
1219913661277335552,neutral,2.1402347087860107,0.19089707732200623,0.7064688801765442
1219913688917757952,neutral,2.1402347087860107,0.19089707732200623,0.7064688801765442
1219913697671307265,neutral,2.1402347087860107,0.19089707732200623,0.7064688801765442
1219913757498970113,neutral,1.736535906791687,-0.5148835182189941,1.5360344648361206
1219913783079866368,neutral,2.9182674884796143,0.5523548126220703,-0.14184021949768066
1219913783880994816,negative,1.7426048517227173,-0.5493438243865967,2.14200496673584
1219913787244871681,neutral,2.1402347087860107,0.19089707732200623,0.7064688801765442
1219913789304213506,neutral,1.736535906791687,-0.5148835182189941,1.5360344648361206
1219913814256185344,neutral,2.1402347087860107,0.19089707732200623,0.7064688801765442
1219913846644789248,neutral,2.1257524490356445,1.1411911249160767,0.03992518037557602
1219913861114974211,positive,0.9456873536109924,1.075297236442566,0.2900334596633911
1219913877690802176,neutral,2.1402347087860107,0.19089707732200623,0.7064688801765442
1219913884913389568,neutral,2.234564781188965,0.17760193347930908,0.6103110313415527
1219913906874793984,neutral,2.1402347087860107,0.19089707732200623,0.7064688801765442
1219913917901627392,neutral,2.234564781188965,0.17760193347930908,0.6103110313415527
1219913918291664896,neutral,2.1561384201049805,0.8046447038650513,0.2603362202644348
1219913930404958209,neutral,2.234564781188965,0.17760193347930908,0.6103110313415527
1219913955411259392,neutral,2.214639902114868,0.21139077842235565,0.6388211250305176
1219913976542191616,neutral,2.1402347087860107,0.19089707732200623,0.7064688801765442
1219913983395688448,neutral,2.234564781188965,0.17760193347930908,0.6103110313415527
1219914006636322816,neutral,2.1402347087860107,0.19089707732200623,0.7064688801765442
1219914084692324352,neutral,2.1402347087860107,0.19089707732200623,0.7064688801765442
1219914088123371521,neutral,2.3009395599365234,0.322623074054718,0.5798771381378174
1219914090367213569,negative,1.2458417415618896,0.17490461468696594,1.4433257579803467
1219914100265762816,neutral,1.9212974309921265,0.6733497381210327,0.35033315420150757
1219914124622065664,neutral,2.3009395599365234,0.322623074054718,0.5798771381378174
1219914180787990528,neutral,1.9212974309921265,0.6733497381210327,0.35033315420150757
1219914208231342081,negative,0.9100590348243713,-0.050817765295505524,2.396174669265747
1219914255626948608,neutral,2.1402347087860107,0.19089707732200623,0.7064688801765442
1219914274765561856,neutral,2.1402347087860107,0.19089707732200623,0.7064688801765442
1219914286991998977,neutral,2.9182674884796143,0.5523548126220703,-0.14184021949768066
1219914309712695296,neutral,2.1402347087860107,0.19089707732200623,0.7064688801765442
1219914317530718208,neutral,2.1402347087860107,0.19089707732200623,0.7064688801765442
1219914317681741824,neutral,2.234564781188965,0.17760193347930908,0.6103110313415527
1219914373642080258,neutral,1.2603904008865356,0.35400497913360596,1.0961838960647583
1219914381942616064,neutral,2.1402347087860107,0.19089707732200623,0.7064688801765442
1219914387923832832,neutral,2.9182674884796143,0.5523548126220703,-0.14184021949768066
1219914389094092801,neutral,2.234564781188965,0.17760193347930908,0.6103110313415527
1219914412213047296,neutral,2.6428258419036865,-0.6270365118980408,1.3063197135925293
1219914413945184258,neutral,2.1402347087860107,0.19089707732200623,0.7064688801765442
1219914420719013888,neutral,2.1561384201049805,0.8046447038650513,0.2603362202644348
1219914437349400576,neutral,2.1402347087860107,0.19089707732200623,0.7064688801765442
1219914467472859136,positive,2.9095046520233154,3.9614500999450684,-1.2899048328399658
1219914474569764864,neutral,1.8945984840393066,0.08610152453184128,1.0615233182907104
1219914485927825408,neutral,2.9182674884796143,0.5523548126220703,-0.14184021949768066
1219914539833135104,neutral,2.9182674884796143,0.5523548126220703,-0.14184021949768066
1219914566961942529,neutral,2.234564781188965,0.17760193347930908,0.6103110313415527
1219914576348663808,neutral,1.8945984840393066,0.08610152453184128,1.0615233182907104
1219914577124528128,neutral,1.982255220413208,1.6049476861953735,-0.1517540067434311
1219914622771195904,neutral,2.234564781188965,0.17760193347930908,0.6103110313415527
1219914631897989120,neutral,2.234564781188965,0.17760193347930908,0.6103110313415527
1219914644115976192,neutral,2.1402347087860107,0.19089707732200623,0.7064688801765442
1219914705646411776,neutral,2.1402347087860107,0.19089707732200623,0.7064688801765442
1219914714899083264,neutral,2.1402347087860107,0.19089707732200623,0.7064688801765442
1219914717906341888,positive,1.0775471925735474,1.2923225164413452,-0.6992553472518921
1219914718900453378,neutral,2.214639902114868,0.21139077842235565,0.6388211250305176
1219914723770023936,neutral,2.3009395599365234,0.322623074054718,0.5798771381378174
1219914724667641856,neutral,2.1472575664520264,-0.8550549149513245,1.479151964187622
1219914751804788736,neutral,2.234564781188965,0.17760193347930908,0.6103110313415527
1219914766094716928,neutral,2.1402347087860107,0.19089707732200623,0.7064688801765442
1219914768036835328,negative,1.4984647035598755,-0.6252274513244629,1.891111135482788
1219914803067740160,neutral,2.1402347087860107,0.19089707732200623,0.7064688801765442
1219914818615795712,neutral,2.1402347087860107,0.19089707732200623,0.7064688801765442
1219914826744381452,neutral,2.1402347087860107,0.19089707732200623,0.7064688801765442
1219914827440648193,neutral,2.1402347087860107,0.19089707732200623,0.7064688801765442
1219914848336740353,neutral,1.9212974309921265,0.6733497381210327,0.35033315420150757
1219914854133391360,negative,0.8676723837852478,-0.5621426105499268,2.3485331535339355
1219914880263700480,neutral,2.1402347087860107,0.19089707732200623,0.7064688801765442
1219914905442299906,neutral,2.9182674884796143,0.5523548126220703,-0.14184021949768066
1219914907430330368,neutral,2.9681811332702637,0.09213769435882568,0.4772261083126068
1219914915005136896,neutral,2.1402347087860107,0.19089707732200623,0.7064688801765442
1219914930087849985,negative,0.36981621384620667,-0.04715130478143692,3.078023910522461
1219915026540032001,neutral,1.9298843145370483,0.17907032370567322,-0.08821763098239899
1219915031829254144,neutral,1.1279348134994507,0.36828213930130005,0.9962197542190552
1219915043896119296,positive,1.8042312860488892,1.8360360860824585,-0.45488429069519043
1219915088326537218,positive,1.7315952777862549,3.7254812717437744,-0.6308673024177551
1219915103924940800,neutral,1.4484213590621948,-0.13245970010757446,0.6569074392318726
1219915113974652929,neutral,2.202458143234253,0.9776923060417175,-0.01748918555676937
1219915128348348416,neutral,1.9212974309921265,0.6733497381210327,0.35033315420150757
1219915138125484033,neutral,1.7348253726959229,0.48171931505203247,0.38029178977012634
1219915138196574209,neutral,2.234564781188965,0.17760193347930908,0.6103110313415527
1219915211752251392,negative,1.0434200763702393,-0.5786610245704651,2.22355055809021
1219915260750106624,negative,1.0670560598373413,0.6572911143302917,1.3905483484268188
1219915260980674561,neutral,2.1402347087860107,0.19089707732200623,0.7064688801765442
1219915284233850881,neutral,2.1402347087860107,0.19089707732200623,0.7064688801765442
1219915286456885248,neutral,2.234564781188965,0.17760193347930908,0.6103110313415527
1219915297433382912,neutral,1.7914680242538452,-0.5457106232643127,1.5003750324249268
1219915328789991425,negative,0.749160885810852,-1.1221312284469604,3.87084698677063
1219915329654206465,neutral,1.8945984840393066,0.08610152453184128,1.0615233182907104
1219915339791622144,neutral,2.9681811332702637,0.09213769435882568,0.4772261083126068
1219915370519134209,neutral,1.9145386219024658,0.19233088195323944,0.7454180121421814
1219915389112590337,neutral,2.683643341064453,-0.5099683403968811,0.9551945328712463
1219915422406864896,neutral,1.8446989059448242,-0.6273491382598877,1.5859780311584473
1219915426727104512,neutral,2.1703624725341797,-6.899982690811157e-05,0.869492769241333
1219915431869284353,neutral,1.7047786712646484,-0.5373125076293945,1.358163833618164
1219915510743089153,neutral,2.3009395599365234,0.322623074054718,0.5798771381378174
1219915520562094080,neutral,1.6635876893997192,0.9011401534080505,0.4839369058609009
1219915530355666944,positive,0.2366596758365631,1.8078198432922363,0.4201189875602722
1219915542296977409,neutral,1.761630892753601,1.4063866138458252,0.4409613311290741
1219915545555812358,neutral,2.161344528198242,-0.19309929013252258,-0.32412251830101013
1219915553504034817,neutral,2.234564781188965,0.17760193347930908,0.6103110313415527
1219915554145783808,neutral,2.0359482765197754,0.606082022190094,0.0018540360033512115
1219915599221911552,neutral,4.9392781257629395,2.5923855304718018,-1.4963794946670532
1219915637151145986,negative,1.0906840562820435,-0.14906617999076843,1.3017126321792603
1219915653227794432,positive,1.0099217891693115,1.20071542263031,0.5607209205627441
1219915674346086400,neutral,2.234564781188965,0.17760193347930908,0.6103110313415527
1219915696790032384,negative,1.3628398180007935,-0.7398678064346313,2.0551340579986572
1219915706705367040,neutral,2.743269443511963,0.5817039012908936,0.04332421347498894
1219915718520500224,neutral,1.5001113414764404,0.3198731541633606,0.7822086215019226
1219915725214797824,neutral,1.729276418685913,-0.46102556586265564,1.4378784894943237
1219915734727438336,neutral,2.106144666671753,0.637466549873352,0.3756251931190491
1219915759465517056,neutral,1.927199125289917,0.4962083399295807,0.5455397367477417
1219915793699229697,neutral,2.9493536949157715,1.1629865169525146,-0.35111674666404724
1219915799793676288,neutral,2.0359482765197754,0.606082022190094,0.0018540360033512115
1219915805095354368,neutral,2.202458143234253,0.9776923060417175,-0.01748918555676937
1219915831959642112,neutral,1.3061940670013428,0.8719407320022583,0.5670609474182129
1219915864109023232,neutral,2.1402347087860107,0.19089707732200623,0.7064688801765442
1219915892990996481,neutral,2.4759838581085205,1.6322053670883179,-0.6748988628387451
1219915905494372352,neutral,1.927199125289917,0.4962083399295807,0.5455397367477417
1219915907243368448,negative,1.2885884046554565,-0.46232113242149353,2.011303186416626
1219915941322153984,neutral,2.3102331161499023,0.9521158933639526,0.5104914903640747
1219915970552176640,neutral,1.30964994430542,0.05875749513506889,0.8272491097450256
1219915997110386688,neutral,2.1402347087860107,0.19089707732200623,0.7064688801765442
1219916006476460032,negative,0.9173471331596375,0.1464664340019226,1.8428958654403687
1219916013090885632,negative,1.0936967134475708,0.06997364014387131,1.2960550785064697
1219916075292221447,neutral,2.1402347087860107,0.19089707732200623,0.7064688801765442
1219916229055565826,neutral,2.1018409729003906,0.057199619710445404,1.1674861907958984
1219916288186880000,neutral,1.9246894121170044,-0.15252065658569336,0.9528380036354065
1219916329538293760,negative,0.28527358174324036,0.039849985390901566,2.4077396392822266
1219916338791141376,neutral,2.1703624725341797,-6.899982690811157e-05,0.869492769241333
1219916372982943744,neutral,2.234564781188965,0.17760193347930908,0.6103110313415527
1219916377210777600,neutral,2.1402347087860107,0.19089707732200623,0.7064688801765442
1219916387382112256,neutral,1.7955678701400757,0.495452880859375,-0.0036118868738412857
1219916404784353282,neutral,2.6270101070404053,-0.36582106351852417,0.6517468094825745
1219916415500578816,neutral,2.234564781188965,0.17760193347930908,0.6103110313415527
1219916427693441025,neutral,2.234564781188965,0.17760193347930908,0.6103110313415527
1219916464607522816,neutral,2.1402347087860107,0.19089707732200623,0.7064688801765442
1219916496723464192,neutral,1.895660400390625,0.25585833191871643,0.8053545951843262
1219916517439000576,neutral,1.982255220413208,1.6049476861953735,-0.1517540067434311
1219916646728355841,neutral,2.234564781188965,0.17760193347930908,0.6103110313415527
1219916685601206273,neutral,1.982255220413208,1.6049476861953735,-0.1517540067434311
1219916702395166720,neutral,2.1703624725341797,-6.899982690811157e-05,0.869492769241333
1219916731700826112,neutral,2.6818277835845947,0.9167173504829407,-0.4277275502681732
1219916765179727873,neutral,2.8816235065460205,1.04720139503479,-0.45967498421669006
1219916780673495041,neutral,1.982255220413208,1.6049476861953735,-0.1517540067434311
1219916789024321536,neutral,2.1402347087860107,0.19089707732200623,0.7064688801765442
1219916817138765824,neutral,2.234564781188965,0.17760193347930908,0.6103110313415527
1219916817516453888,neutral,2.214639902114868,0.21139077842235565,0.6388211250305176
1219916851251073024,negative,0.8676723837852478,-0.5621426105499268,2.3485331535339355
1219916853927206913,neutral,2.0346248149871826,0.024426579475402832,0.6662765145301819
1219916857974542337,neutral,1.982255220413208,1.6049476861953735,-0.1517540067434311
1219916876584632321,neutral,1.1537408828735352,0.6362106204032898,0.9020674824714661
1219916882616123393,negative,0.9173471331596375,0.1464664340019226,1.8428958654403687
1219916885573033985,neutral,2.1402347087860107,0.19089707732200623,0.7064688801765442
1219916912517238784,neutral,1.559488296508789,0.7331899404525757,0.6039006114006042
1219916980414820353,neutral,2.1402347087860107,0.19089707732200623,0.7064688801765442
1219917017106415616,neutral,2.1402347087860107,0.19089707732200623,0.7064688801765442
1219917019346128898,neutral,1.2609225511550903,1.0319904088974,0.22060023248195648
1219917056365252618,neutral,2.1402347087860107,0.19089707732200623,0.7064688801765442
1219917071464706048,neutral,1.6928308010101318,0.15898939967155457,0.5500010251998901
1219917099851628544,neutral,2.436847448348999,1.209860920906067,0.05664131045341492
1219917127127269376,negative,1.0503263473510742,-0.48819687962532043,2.398066759109497
1219917150707769344,negative,1.127989411354065,0.7633485794067383,1.955104112625122
1219917160581148672,neutral,2.3009395599365234,0.322623074054718,0.5798771381378174
1219917166960496643,neutral,2.234564781188965,0.17760193347930908,0.6103110313415527
1219917219036942337,neutral,1.519473671913147,-0.06437157839536667,0.8469425439834595
1219917222358859779,neutral,1.9212974309921265,0.6733497381210327,0.35033315420150757
1219917222874796032,neutral,2.1402347087860107,0.19089707732200623,0.7064688801765442
1219917224762335232,neutral,1.9092737436294556,0.660984218120575,0.49741822481155396
1219917235726086144,neutral,2.1402347087860107,0.19089707732200623,0.7064688801765442
1219917248636149761,negative,1.2398216724395752,0.1528831422328949,1.4940032958984375
1219917291405467648,neutral,1.3061940670013428,0.8719407320022583,0.5670609474182129
1219917313551536129,neutral,2.3009395599365234,0.322623074054718,0.5798771381378174
1219917326633455618,neutral,2.1402347087860107,0.19089707732200623,0.7064688801765442
1219917333990215681,neutral,2.1402347087860107,0.19089707732200623,0.7064688801765442
1219917386901598210,neutral,2.589458703994751,0.8028995394706726,0.1412363350391388
1219917398846738432,neutral,2.9681811332702637,0.09213769435882568,0.4772261083126068
1219917436797030400,neutral,2.1402347087860107,0.19089707732200623,0.7064688801765442
1219917443230990336,neutral,1.9212974309921265,0.6733497381210327,0.35033315420150757
1219917485366861824,negative,1.3904697895050049,-0.7632696032524109,1.6041135787963867
1219917498528612353,neutral,2.1402347087860107,0.19089707732200623,0.7064688801765442
1219917511774232576,neutral,2.1402347087860107,0.19089707732200623,0.7064688801765442
1219917546570354688,neutral,2.9182674884796143,0.5523548126220703,-0.14184021949768066
1219917551829864448,negative,0.791817843914032,0.6043211817741394,1.236789345741272
1219917605479174144,neutral,1.8945984840393066,0.08610152453184128,1.0615233182907104
1219917607140315140,negative,1.3894613981246948,-0.4549468457698822,1.6804660558700562
1219917631014277120,neutral,1.8385030031204224,-0.9007670283317566,1.7511868476867676
1219917665835175937,neutral,2.234564781188965,0.17760193347930908,0.6103110313415527
1219917682012643329,neutral,1.982255220413208,1.6049476861953735,-0.1517540067434311
1219917700446806016,positive,0.8404192328453064,0.8972703218460083,0.5432829856872559
1219917704838041601,neutral,2.2080445289611816,0.9807259440422058,0.019386988133192062
1219917715151802369,neutral,2.3009395599365234,0.322623074054718,0.5798771381378174
1219917723297124355,neutral,2.1760427951812744,1.0293948650360107,0.2228519469499588
1219917750799220737,neutral,2.202458143234253,0.9776923060417175,-0.01748918555676937
1219917766074994688,neutral,1.9212974309921265,0.6733497381210327,0.35033315420150757
1219917890389852161,negative,1.2372615337371826,-0.3596068322658539,1.983568549156189
1219917896937279488,neutral,2.508362293243408,0.18768619000911713,0.3239755928516388
1219917898640003072,neutral,1.637911081314087,-0.25406768918037415,1.239815592765808
1219917947935784961,negative,1.0814329385757446,-0.9544997215270996,2.490128993988037
1219917966562582530,neutral,2.1402347087860107,0.19089707732200623,0.7064688801765442
1219917983549657090,neutral,2.3009395599365234,0.322623074054718,0.5798771381378174
1219918005464784897,neutral,2.6511123180389404,0.7922143340110779,0.2422267347574234
1219918007662596096,neutral,2.234564781188965,0.17760193347930908,0.6103110313415527
1219918008493039616,neutral,2.291926860809326,0.04913490265607834,0.7538115978240967
1219918017884229632,neutral,1.669370412826538,-1.0262515544891357,1.6449682712554932
1219918062457147393,neutral,2.9681811332702637,0.09213769435882568,0.4772261083126068
1219918071818674178,negative,0.4970589876174927,-0.6027584075927734,3.1940066814422607
1219918091280420864,neutral,1.8812752962112427,0.47213929891586304,-0.0980430617928505
1219918096346968066,negative,0.7354521751403809,-0.8191805481910706,3.2805256843566895
1219918110871949312,neutral,1.9212974309921265,0.6733497381210327,0.35033315420150757
1219918139120652288,neutral,1.30964994430542,0.05875749513506889,0.8272491097450256
1219918153313964032,neutral,2.1402347087860107,0.19089707732200623,0.7064688801765442
1219918261590151168,neutral,2.164158344268799,-0.9159204363822937,1.7122340202331543
1219918265792655360,neutral,2.234564781188965,0.17760193347930908,0.6103110313415527
1219918349431377921,neutral,2.38191556930542,0.22499746084213257,0.8748841881752014
1219918378573283328,neutral,2.9182674884796143,0.5523548126220703,-0.14184021949768066
1219918410823241728,neutral,2.9182674884796143,0.5523548126220703,-0.14184021949768066
1219918414422122497,neutral,1.9396212100982666,0.2571867108345032,0.39517641067504883
1219918424970678273,neutral,2.1402347087860107,0.19089707732200623,0.7064688801765442
1219918466716721153,neutral,2.068549871444702,1.27656090259552,-0.0999225452542305
1219918482084548609,neutral,2.6907382011413574,2.185035228729248,-1.0243780612945557
1219918519166308352,neutral,2.234564781188965,0.17760193347930908,0.6103110313415527
1219918520814833664,negative,1.0814329385757446,-0.9544997215270996,2.490128993988037
1219918558668513280,neutral,1.9396212100982666,0.2571867108345032,0.39517641067504883
1219918566155341825,neutral,2.341658592224121,-0.5608839988708496,1.19071364402771
1219918570487828480,neutral,2.1402347087860107,0.19089707732200623,0.7064688801765442
1219918592851890176,neutral,1.8055315017700195,0.03696390241384506,1.1592310667037964
1219918671134576643,negative,1.9986672401428223,-0.73661208152771,2.1150600910186768
1219918692135268352,neutral,2.1402347087860107,0.19089707732200623,0.7064688801765442
1219918731926654976,neutral,2.1402347087860107,0.19089707732200623,0.7064688801765442
1219918753632260096,neutral,1.6661056280136108,0.19510412216186523,1.2562763690948486
1219918805293359104,neutral,2.5300326347351074,0.8582769632339478,0.15086571872234344
1219918813862359040,neutral,2.234564781188965,0.17760193347930908,0.6103110313415527
1219918863158120451,neutral,1.7099417448043823,0.7157737612724304,0.6997892260551453
1219918962730979328,neutral,2.6428258419036865,-0.6270365118980408,1.3063197135925293
1219919040430260225,neutral,1.8446989059448242,-0.6273491382598877,1.5859780311584473
1219919058340130817,neutral,1.3476406335830688,-0.6139447689056396,1.0162774324417114
1219919091596574721,neutral,1.8646183013916016,0.03821946308016777,1.101884365081787
1219919119694336001,neutral,1.8088611364364624,0.14134204387664795,1.2928507328033447
1219919158210678785,neutral,1.6661056280136108,0.19510412216186523,1.2562763690948486
1219919208793956353,negative,1.4120577573776245,-0.567138135433197,1.5784170627593994
1219919232848343040,neutral,2.0284857749938965,0.12132426351308823,0.9125903248786926
1219919264175534081,neutral,2.1189656257629395,0.7511343955993652,0.5024850964546204
1219919298342187008,neutral,2.1402347087860107,0.19089707732200623,0.7064688801765442
1219919342743080960,neutral,2.1402347087860107,0.19089707732200623,0.7064688801765442
1219919356722917376,neutral,0.8836201429367065,0.7525730133056641,0.8767307996749878
1219919394245136384,negative,0.9148877859115601,-0.8170733451843262,2.5853214263916016
1219919406848831488,neutral,2.1402347087860107,0.19089707732200623,0.7064688801765442
1219919420325105665,negative,0.8740167021751404,0.7268815636634827,1.360775351524353
1219919485345259520,neutral,2.1402347087860107,0.19089707732200623,0.7064688801765442
1219919496930123776,neutral,2.0346248149871826,0.024426579475402832,0.6662765145301819
1219919502667702273,neutral,2.3009395599365234,0.322623074054718,0.5798771381378174
1219919505767292928,neutral,2.1402347087860107,0.19089707732200623,0.7064688801765442
1219919514793660417,neutral,2.508362293243408,0.18768619000911713,0.3239755928516388
1219919550679928833,neutral,2.1402347087860107,0.19089707732200623,0.7064688801765442
1219919596733505536,negative,0.7617870569229126,-0.20101067423820496,2.0206429958343506
1219919606346854400,neutral,2.0841712951660156,0.6674811244010925,0.3531515598297119
1219919629390245889,neutral,2.234564781188965,0.17760193347930908,0.6103110313415527
1219919749892755456,neutral,1.8446989059448242,-0.6273491382598877,1.5859780311584473
1219919750941134848,neutral,3.2873706817626953,0.9430038332939148,-0.08920790255069733
1219919770474041349,neutral,1.5528433322906494,0.05699611082673073,1.363980770111084
1219919799976742917,neutral,1.7649165391921997,-0.30666783452033997,1.1015483140945435
1219919839235657729,neutral,2.1007332801818848,-0.06689367443323135,0.8659511804580688
1219919850509946880,neutral,1.6428383588790894,-0.443612664937973,1.4962258338928223
1219919865437282305,neutral,1.9145386219024658,0.19233088195323944,0.7454180121421814
1219919875386118145,neutral,1.5724925994873047,0.296793133020401,1.1372435092926025
1219919913453666313,negative,1.1019831895828247,-0.9473936557769775,2.4439306259155273
1219919972958236672,neutral,3.086683511734009,0.6520244479179382,-0.14084312319755554
1219920018126917633,negative,0.7948582768440247,-0.2460205852985382,1.809339165687561
1219920025793916928,negative,1.4347387552261353,-0.561328649520874,1.7092881202697754
1219920146581553152,neutral,2.1706960201263428,0.6887364983558655,-0.18314306437969208
1219920165996916736,neutral,2.1402347087860107,0.19089707732200623,0.7064688801765442
1219920228613640192,positive,1.133489966392517,2.2833621501922607,-0.1556195467710495
1219920231193165824,neutral,2.433220624923706,-0.572382390499115,1.0786051750183105
1219920248373051393,neutral,2.1402347087860107,0.19089707732200623,0.7064688801765442
1219920253552979968,neutral,1.9246894121170044,-0.15252065658569336,0.9528380036354065
1219920295642845184,neutral,2.1402347087860107,0.19089707732200623,0.7064688801765442
1219920351003435008,negative,0.9663529992103577,-0.0626797005534172,1.5945199728012085
1219920362139459585,neutral,2.234564781188965,0.17760193347930908,0.6103110313415527
1219920368665812992,neutral,2.734510898590088,1.2944844961166382,-0.434331476688385
1219920401482092544,neutral,1.4639861583709717,0.4799141585826874,0.6644681692123413
1219920419064446976,neutral,2.234564781188965,0.17760193347930908,0.6103110313415527
1219920484730458113,neutral,3.086683511734009,0.6520244479179382,-0.14084312319755554
1219920497657274368,neutral,2.1402347087860107,0.19089707732200623,0.7064688801765442
1219920515860553728,negative,1.59626042842865,-0.5095232129096985,2.2389636039733887
1219920523783741440,neutral,1.4359252452850342,-0.671480655670166,1.3290270566940308
1219920536471425024,neutral,3.086683511734009,0.6520244479179382,-0.14084312319755554
1219920583535865856,neutral,2.3009395599365234,0.322623074054718,0.5798771381378174
1219920586002063360,neutral,1.3614451885223389,0.5757255554199219,0.17277677357196808
1219920601202061314,negative,0.8313895463943481,-0.06743838638067245,2.093724250793457
1219920602150031361,neutral,2.1402347087860107,0.19089707732200623,0.7064688801765442
1219920654373281793,neutral,3.086683511734009,0.6520244479179382,-0.14084312319755554
1219920654549471232,negative,1.3438392877578735,-0.6687034368515015,2.066087484359741
1219920669309169664,neutral,2.6270101070404053,-0.36582106351852417,0.6517468094825745
1219920674493554688,neutral,2.0284857749938965,0.12132426351308823,0.9125903248786926
1219920743464685569,neutral,1.7577565908432007,0.2217458188533783,1.441735029220581
1219920756110430208,neutral,2.202458143234253,0.9776923060417175,-0.01748918555676937
1219920808811696129,neutral,2.1402347087860107,0.19089707732200623,0.7064688801765442
1219920865153835008,neutral,2.234564781188965,0.17760193347930908,0.6103110313415527
1219920880588869632,neutral,2.234564781188965,0.17760193347930908,0.6103110313415527
1219920999832903680,neutral,1.5117173194885254,0.11674698442220688,0.5890771150588989
1219921089717063681,neutral,2.0346248149871826,0.024426579475402832,0.6662765145301819
1219921180540448769,neutral,1.8497986793518066,-0.45191898941993713,0.9679842591285706
1219921202916941824,negative,0.5938693881034851,-0.3575395345687866,1.8164812326431274
1219921245673787392,neutral,2.3009395599365234,0.322623074054718,0.5798771381378174
1219921258604687361,neutral,1.8446989059448242,-0.6273491382598877,1.5859780311584473
1219921364867416065,neutral,2.1402347087860107,0.19089707732200623,0.7064688801765442
1219921426217676800,neutral,2.1402347087860107,0.19089707732200623,0.7064688801765442
1219921467623780353,negative,1.6373226642608643,-0.8125056624412537,2.27162766456604
1219921468378632193,neutral,2.1402347087860107,0.19089707732200623,0.7064688801765442
1219921497885560832,neutral,2.234564781188965,0.17760193347930908,0.6103110313415527
1219921547500183552,neutral,1.6202431917190552,1.416621446609497,-0.4412672221660614
1219921548795994112,neutral,2.1402347087860107,0.19089707732200623,0.7064688801765442
1219921580559667201,neutral,2.9182674884796143,0.5523548126220703,-0.14184021949768066
1219921599966502912,neutral,2.234564781188965,0.17760193347930908,0.6103110313415527
1219921635949543424,negative,1.870032787322998,-1.0229815244674683,2.0020534992218018
1219921638981918720,negative,1.6955060958862305,-0.47329720854759216,1.9880589246749878
1219921645323870208,neutral,2.3009395599365234,0.322623074054718,0.5798771381378174
1219921708372545542,neutral,2.1402347087860107,0.19089707732200623,0.7064688801765442
1219921722175963136,neutral,1.6428383588790894,-0.443612664937973,1.4962258338928223
1219921730417971201,neutral,3.086683511734009,0.6520244479179382,-0.14084312319755554
1219921755927543813,negative,1.0830146074295044,-0.934969961643219,2.431178331375122
1219921764945285123,neutral,1.9903101921081543,0.7763639092445374,0.5003710985183716
1219921772587257856,neutral,1.8812752962112427,0.47213929891586304,-0.0980430617928505
1219921788932644867,neutral,2.234564781188965,0.17760193347930908,0.6103110313415527
1219921791780556805,neutral,2.202458143234253,0.9776923060417175,-0.01748918555676937
1219921838614048769,neutral,2.1402347087860107,0.19089707732200623,0.7064688801765442
1219921935175487488,neutral,1.6233950853347778,-0.661121666431427,1.1012814044952393
1219921968482275329,neutral,2.1402347087860107,0.19089707732200623,0.7064688801765442
1219921980201111552,neutral,2.1402347087860107,0.19089707732200623,0.7064688801765442
1219922001856471040,neutral,2.6428258419036865,-0.6270365118980408,1.3063197135925293
1219922002695180289,neutral,1.317036747932434,-0.28964337706565857,0.6795904636383057
1219922024988057600,neutral,2.142268180847168,0.002378396689891815,1.355438232421875
1219922046655913985,negative,1.5650131702423096,-1.3256597518920898,2.937267780303955
1219922082756120576,neutral,2.1402347087860107,0.19089707732200623,0.7064688801765442
1219922132982996992,neutral,2.6270101070404053,-0.36582106351852417,0.6517468094825745
1219922169225826305,neutral,2.9182674884796143,0.5523548126220703,-0.14184021949768066
1219922181569814534,neutral,1.30964994430542,0.05875749513506889,0.8272491097450256
1219922184283545606,negative,1.4186649322509766,-0.8896614909172058,2.079308032989502
1219922203304714240,neutral,1.1279348134994507,0.36828213930130005,0.9962197542190552
1219922210648813568,neutral,1.9442126750946045,0.743558943271637,0.20354002714157104
1219922217074675718,neutral,2.0284857749938965,0.12132426351308823,0.9125903248786926
1219922219968548866,neutral,1.9212974309921265,0.6733497381210327,0.35033315420150757
1219922227715395591,neutral,2.1402347087860107,0.19089707732200623,0.7064688801765442
1219922279041261569,neutral,2.234564781188965,0.17760193347930908,0.6103110313415527
1219922297533763584,neutral,1.8646183013916016,0.03821946308016777,1.101884365081787
1219922298179915776,neutral,2.1402347087860107,0.19089707732200623,0.7064688801765442
1219922298372640776,neutral,2.1402347087860107,0.19089707732200623,0.7064688801765442
1219922361215938560,neutral,2.2535507678985596,1.769809365272522,-0.27101150155067444
1219922375577260033,neutral,2.234564781188965,0.17760193347930908,0.6103110313415527
1219922390181801984,neutral,1.982255220413208,1.6049476861953735,-0.1517540067434311
1219922403700047872,negative,1.6373226642608643,-0.8125056624412537,2.27162766456604
1219922419013443584,neutral,1.5117173194885254,0.11674698442220688,0.5890771150588989
1219922433806946305,neutral,2.1007332801818848,-0.06689367443323135,0.8659511804580688
1219922460625129472,negative,1.1634712219238281,-0.16216543316841125,1.3419378995895386
1219922488785850368,neutral,2.6270101070404053,-0.36582106351852417,0.6517468094825745
1219922553306787840,negative,1.3408869504928589,-0.31445086002349854,1.7881226539611816
1219922579978244101,neutral,2.234564781188965,0.17760193347930908,0.6103110313415527
1219922596881264640,neutral,2.1402347087860107,0.19089707732200623,0.7064688801765442
1219922601021202432,neutral,2.202458143234253,0.9776923060417175,-0.01748918555676937
1219922622252769280,neutral,2.0284857749938965,0.12132426351308823,0.9125903248786926
1219922646453968896,neutral,2.214639902114868,0.21139077842235565,0.6388211250305176
